rec_log_id,timestamp,question_from_user,company_id,job_small_id,question_type_id,user_id,impressions
314,"2023-01-26 11:14:19.810818",,2000457,6000004,1000007,10,
315,"2023-01-26 11:14:22.979182",,2000457,6000004,1000007,10,
316,"2023-01-26 11:14:23.586963",,2000457,6000004,1000007,10,
317,"2023-01-26 11:20:52.178002",,2000165,6000031,1000008,13,
318,"2023-01-26 11:21:04.092458",,2000165,6000031,1000001,11,
319,"2023-01-26 11:24:35.459175",,2000027,6000071,1000006,14,
320,"2023-01-26 11:27:18.464367",,2000189,6000031,1000008,13,
321,"2023-01-26 11:27:19.801722",,2000189,6000031,1000008,13,
322,"2023-01-26 11:29:33.123161",,2000158,6000071,1000006,14,
323,"2023-01-26 11:29:37.961083",,2000158,6000071,1000006,14,
324,"2023-01-26 11:29:39.185188",,2000158,6000071,1000006,14,
325,"2023-01-26 11:29:39.495990",,2000158,6000071,1000006,14,
326,"2023-01-26 11:29:39.688214",,2000158,6000071,1000006,14,
327,"2023-01-26 11:30:08.232256",,2000158,6000071,1000004,14,
328,"2023-01-26 11:31:25.195166",,2000453,6000011,1000010,14,
329,"2023-01-26 11:31:37.177706",,2000453,6000071,1000010,14,
330,"2023-01-26 11:32:28.914288",,2000027,6000071,1000009,14,
331,"2023-01-26 11:33:18.813157",,2000376,6000071,1000010,14,
332,"2023-01-26 11:33:40.654868",,2000108,6000071,1000001,15,
333,"2023-01-26 11:38:04.243851",,2000027,6000055,1000010,16,
334,"2023-01-26 11:38:28.673583",,2000027,6000055,1000010,16,
335,"2023-01-26 11:38:53.248444",,2000165,6000002,1000001,18,
336,"2023-01-26 11:38:54.375824",,2000165,6000002,1000001,18,
337,"2023-01-26 11:38:57.125219",,2000165,6000031,1000005,17,
338,"2023-01-26 11:38:57.717338",,2000165,6000002,1000001,18,
339,"2023-01-26 11:38:58.564520",,2000165,6000031,1000005,17,
340,"2023-01-26 11:39:04.960509",,2000165,6000002,1000006,18,
341,"2023-01-26 11:39:06.105859",,2000165,6000002,1000006,18,
342,"2023-01-26 11:39:16.185171",,2000165,6000031,1000005,17,
343,"2023-01-26 11:39:46.407055",,2000255,6000051,1000001,19,
344,"2023-01-26 11:40:37.527562",,2000290,6000006,1000006,20,
345,"2023-01-26 11:40:52.238100",,2000216,6000051,1000005,19,
346,"2023-01-26 11:41:46.347641",,2000174,6000027,1000011,6,
347,"2023-01-26 11:41:56.663270",으아,2000376,6000071,1000023,14,
348,"2023-01-26 11:42:03.911854",으아,2000376,6000049,1000023,14,
349,"2023-01-26 11:42:04.612894",으아,2000376,6000049,1000023,14,
350,"2023-01-26 11:42:05.330994",으아,2000376,6000049,1000023,14,
351,"2023-01-26 11:42:05.535758",으아,2000376,6000049,1000023,14,
352,"2023-01-26 11:42:09.421076",으아니~,2000376,6000049,1000023,14,
353,"2023-01-26 11:42:19.422644","으아니 이것도 잘 필터링 되나요",2000376,6000049,1000023,14,
354,"2023-01-26 11:42:21.749073","으아니 이것도 잘 필터링 되나요",2000376,6000049,1000023,14,
355,"2023-01-26 11:42:25.213391","아니 이것도 잘 필터링 되나요",2000376,6000049,1000023,14,
356,"2023-01-26 11:42:32.088601","것을 말해보세요",2000376,6000049,1000023,14,
357,"2023-01-26 11:42:33.984189","것을 말해보세요",2000376,6000049,1000023,14,
358,"2023-01-26 11:42:34.057275","것을 말해보세요",2000376,6000049,1000023,14,
359,"2023-01-26 11:42:35.912481","것을 말해보세요",2000376,6000049,1000023,14,
360,"2023-01-26 11:42:36.550424","것을 말해보세요",2000376,6000049,1000023,14,
361,"2023-01-26 11:42:36.755925","것을 말해보세요",2000376,6000049,1000023,14,
362,"2023-01-26 11:42:39.840722","것을 말해보세요",2000376,6000079,1000023,14,
363,"2023-01-26 11:42:40.035718","것을 말해보세요",2000376,6000079,1000023,14,
364,"2023-01-26 11:42:41.175632","것을 말해보세요",2000376,6000079,1000023,14,
365,"2023-01-26 11:42:41.381113","것을 말해보세요",2000376,6000079,1000023,14,
366,"2023-01-26 11:42:42.120199","것을 말해보세요",2000376,6000079,1000023,14,
367,"2023-01-26 11:42:42.531042","것을 말해보세요",2000376,6000079,1000023,14,
368,"2023-01-26 11:44:29.652860",,2000397,6000062,1000006,6,
369,"2023-01-26 11:45:52.671926",,2000025,6000019,1000006,21,
370,"2023-01-26 11:46:25.958472",,2000025,6000008,1000006,21,
371,"2023-01-26 11:46:59.409037",,2000189,6000031,1000002,18,
372,"2023-01-26 11:50:16.633032",,2000142,6000002,1000012,22,
373,"2023-01-26 11:51:11.956662",,2000006,6000055,1000010,16,
374,"2023-01-26 11:55:11.939558",,2000008,6000038,1000008,14,
375,"2023-01-26 11:55:37.011255",,2000008,6000033,1000008,14,
376,"2023-01-26 11:55:44.134517",,2000008,6000033,1000008,14,
377,"2023-01-26 11:55:44.559938",,2000008,6000033,1000008,14,
378,"2023-01-26 11:55:44.726025",,2000008,6000033,1000008,14,
379,"2023-01-26 11:55:45.231857",,2000008,6000033,1000008,14,
380,"2023-01-26 11:55:45.405930",,2000008,6000033,1000008,14,
381,"2023-01-26 11:55:45.564117",,2000008,6000033,1000008,14,
382,"2023-01-26 11:55:45.737351",,2000008,6000033,1000008,14,
383,"2023-01-26 12:00:44.478015",,2000098,6000019,1000006,6,
384,"2023-01-26 12:03:12.605653",,2000008,6000019,1000001,23,
385,"2023-01-26 12:06:54.965314",,2000017,6000063,1000001,24,
386,"2023-01-26 12:08:20.440887",,2000017,6000080,1000019,24,
387,"2023-01-26 12:14:02.707068",,2000189,6000002,1000019,24,
388,"2023-01-26 12:21:17.440578",,2000165,6000027,1000008,6,
389,"2023-01-26 12:21:59.663062",,2000248,6000031,1000006,7,
390,"2023-01-26 12:30:51.325463",,2000142,6000002,1000010,25,
391,"2023-01-26 12:36:29.658475",,2000008,6000027,1000006,6,
392,"2023-01-26 12:36:32.467155",,2000008,6000027,1000006,6,
393,"2023-01-26 12:50:29.729552",,2000189,6000027,1000006,6,
394,"2023-01-26 12:50:51.897868",,2000189,6000027,1000008,6,
395,"2023-01-26 12:58:19.866262",,2000008,6000002,1000001,26,
396,"2023-01-26 13:02:47.324309",,2000008,6000005,1000001,26,
397,"2023-01-26 13:02:54.823239",,2000189,6000031,1000008,27,
398,"2023-01-26 13:02:57.464668",,2000189,6000031,1000008,27,
399,"2023-01-26 13:03:00.439318",,2000008,6000005,1000002,26,
400,"2023-01-26 13:03:07.248766",,2000189,6000031,1000008,27,
401,"2023-01-26 13:03:11.337376",,2000189,6000031,1000008,27,
402,"2023-01-26 13:03:44.919822",,2000008,6000005,1000001,26,
403,"2023-01-26 13:06:31.827308",,2000453,6000006,1000005,8,
404,"2023-01-26 13:06:57.735210",,2000509,6000027,1000006,28,
405,"2023-01-26 13:07:23.158156",,2000008,6000002,1000006,8,
406,"2023-01-26 13:08:51.926717",,2000509,6000027,1000006,28,
407,"2023-01-26 13:13:50.056457",,2000453,6000012,1000002,8,
408,"2023-01-26 13:14:27.491729",,2000165,6000031,1000008,8,
409,"2023-01-26 13:17:58.649836",,2000165,6000027,1000006,6,
410,"2023-01-26 13:19:14.220536",,2000165,6000031,1000008,8,
411,"2023-01-26 13:19:15.435934",,2000165,6000031,1000008,6,
412,"2023-01-26 13:19:18.439498",,2000165,6000031,1000008,8,
413,"2023-01-26 13:19:22.049536",,2000165,6000031,1000008,8,
414,"2023-01-26 13:19:52.260381",,2000165,6000031,1000008,6,
415,"2023-01-26 13:20:31.941477",,2000165,6000031,1000008,6,
416,"2023-01-26 13:20:54.102994",,2000008,6000005,1000011,26,
417,"2023-01-26 13:20:57.830397",,2000008,6000005,1000011,26,
418,"2023-01-26 13:21:01.601366",,2000008,6000005,1000011,26,
419,"2023-01-26 13:21:01.965883",,2000008,6000005,1000011,26,
420,"2023-01-26 13:21:04.472223",,2000008,6000005,1000005,26,
421,"2023-01-26 13:21:18.311534",,2000008,6000005,1000008,26,
422,"2023-01-26 13:21:20.758515",,2000008,6000005,1000008,26,
423,"2023-01-26 13:21:26.119723",,2000008,6000005,1000015,26,
424,"2023-01-26 13:21:33.230025",,2000008,6000005,1000011,26,
425,"2023-01-26 13:42:33.156010",,2000025,6000019,1000012,21,
426,"2023-01-26 13:44:03.158827",,2000025,6000008,1000012,21,
427,"2023-01-26 13:45:18.328371",,2000025,6000019,1000013,21,
428,"2023-01-26 13:45:48.985572",,2000527,6000017,1000020,31,
429,"2023-01-26 13:46:10.752949","직무 이해",2000025,6000019,1000023,21,
430,"2023-01-26 13:46:53.533797",,2000527,6000017,1000002,31,
431,"2023-01-26 13:50:30.961621",,2000140,6000015,1000004,32,
432,"2023-01-26 13:51:01.918964",,2000248,6000001,1000002,31,
433,"2023-01-26 13:51:54.784690",,2000453,6000079,1000002,31,
434,"2023-01-26 13:52:01.240648",,2000025,6000026,1000012,21,
435,"2023-01-26 13:53:19.177502",,2000025,6000008,1000012,21,
436,"2023-01-26 13:56:19.295169",,2000025,6000008,1000012,21,
437,"2023-01-26 13:57:02.829367",,2000190,6000026,1000008,23,
438,"2023-01-26 13:59:36.130644",,2000008,6000026,1000002,23,
439,"2023-01-26 14:00:25.420393",,2000062,6000004,1000006,31,
440,"2023-01-26 14:00:48.860638",,2000062,6000004,1000006,31,
441,"2023-01-26 14:03:01.952782",,2000165,6000031,1000002,33,
442,"2023-01-26 14:03:05.280515",,2000165,6000031,1000002,33,
443,"2023-01-26 14:03:17.307745",,2000165,6000031,1000002,33,
444,"2023-01-26 14:03:19.107391",,2000165,6000031,1000002,33,
445,"2023-01-26 14:07:20.002579",,2000025,6000005,1000010,21,
446,"2023-01-26 14:07:37.020940",,2000025,6000034,1000010,21,
447,"2023-01-26 14:08:16.082902",,2000057,6000026,1000002,34,
448,"2023-01-26 14:11:00.319617",,2000062,6000034,1000002,34,
449,"2023-01-26 14:11:02.617513",,2000062,6000034,1000002,34,
450,"2023-01-26 14:16:03.149395",,2000025,6000034,1000007,21,
451,"2023-01-26 14:16:45.657363",,2000140,6000017,1000016,31,
452,"2023-01-26 14:17:20.693059",,2000025,6000034,1000007,21,
453,"2023-01-26 14:18:00.706409",,2000057,6000034,1000002,34,
454,"2023-01-26 14:20:23.161888",,2000140,6000017,1000016,31,
455,"2023-01-26 14:20:24.416664",,2000140,6000017,1000016,31,
456,"2023-01-26 14:20:25.013084",,2000140,6000017,1000016,31,
457,"2023-01-26 14:21:55.742438",,2000190,6000026,1000002,34,
458,"2023-01-26 14:21:57.036649",,2000190,6000026,1000002,34,
459,"2023-01-26 14:27:50.794438",,2000025,6000016,1000007,21,
460,"2023-01-26 14:28:49.031588",,2000057,6000026,1000002,34,
461,"2023-01-26 14:28:54.400198",,2000057,6000026,1000002,34,
462,"2023-01-26 14:29:05.429569",,2000057,6000034,1000002,34,
463,"2023-01-26 14:29:06.279728",,2000057,6000034,1000002,34,
464,"2023-01-26 14:29:06.425212",,2000057,6000034,1000002,34,
465,"2023-01-26 14:29:06.998362",,2000057,6000034,1000002,34,
466,"2023-01-26 14:29:07.145273",,2000057,6000034,1000002,34,
467,"2023-01-26 14:29:10.664110",,2000057,6000034,1000002,34,
468,"2023-01-26 14:29:27.922442",,2000057,6000034,1000002,34,
469,"2023-01-26 14:29:37.680570",,2000709,6000002,1000006,35,
470,"2023-01-26 14:30:35.246311",,2000709,6000002,1000007,35,
471,"2023-01-26 14:32:21.894793",,2000025,6000019,1000007,21,
472,"2023-01-26 14:32:27.155344",,2000025,6000019,1000007,21,
473,"2023-01-26 14:33:59.978469",,2000349,6000004,1000012,31,
474,"2023-01-26 14:37:18.651524",,2000709,6000002,1000001,35,
475,"2023-01-26 14:37:23.060668",,2000349,6000004,1000012,31,
476,"2023-01-26 14:37:30.097578",,2000349,6000004,1000012,31,
477,"2023-01-26 14:38:03.047715",,2000290,6000002,1000001,36,
478,"2023-01-26 14:38:04.513209",,2000290,6000002,1000001,36,
479,"2023-01-26 14:38:34.942898",,2000349,6000004,1000012,31,
480,"2023-01-26 14:38:38.890835",,2000349,6000004,1000012,31,
481,"2023-01-26 14:38:39.483211",,2000349,6000004,1000012,31,
482,"2023-01-26 14:44:20.800680",,2000308,6000002,1000001,35,
483,"2023-01-26 14:46:28.794573",,2000140,6000002,1000001,35,
484,"2023-01-26 14:54:04.917006",,2000695,6000002,1000004,35,
485,"2023-01-26 14:54:08.136283",,2000695,6000002,1000004,35,
486,"2023-01-26 14:57:23.423068","자유롭게 소개하세요",2000695,6000002,1000023,35,
487,"2023-01-26 14:57:27.268671","자유롭게 소개하세요",2000695,6000002,1000023,35,
488,"2023-01-26 14:57:34.985692","자유롭게 소개하세요",2000709,6000002,1000023,35,
489,"2023-01-26 14:57:47.261234",자유,2000709,6000002,1000023,35,
490,"2023-01-26 14:58:25.427006",자유,2000290,6000002,1000023,35,
491,"2023-01-26 14:58:48.533391",지원동기,2000290,6000002,1000023,35,
492,"2023-01-26 15:00:24.463136",,2000290,6000002,1000007,35,
493,"2023-01-26 15:01:10.894826",,2000290,6000002,1000008,35,
494,"2023-01-26 15:03:16.950091",,2000709,6000002,1000017,35,
495,"2023-01-26 15:04:05.182641",,2000709,6000002,1000017,35,
496,"2023-01-26 15:46:13.896330","프로젝트 경험",2000709,6000002,1000023,35,
497,"2023-01-26 15:48:50.132701","프로젝트 경험",2000709,6000002,1000023,35,
498,"2023-01-26 15:49:17.646151","프로젝트 경험",2000709,6000002,1000023,35,
499,"2023-01-26 15:49:30.815940","프로젝트 경험",2000709,6000002,1000023,35,
500,"2023-01-26 15:50:24.191851",,2000008,6000027,1000014,8,
501,"2023-01-26 15:51:05.983713","프로젝트 경험",2000709,6000002,1000023,35,
502,"2023-01-26 15:51:27.585167","프로젝트 경험",2000709,6000002,1000023,35,
503,"2023-01-26 15:51:51.471820","프로젝트 경험",2000709,6000002,1000023,35,
504,"2023-01-26 15:51:54.329138","프로젝트 경험",2000709,6000002,1000023,35,
505,"2023-01-26 15:51:55.788180","프로젝트 경험",2000709,6000002,1000023,35,
506,"2023-01-26 15:53:11.670613",,2000709,6000002,1000008,35,
507,"2023-01-26 15:53:29.481585",,2000695,6000002,1000008,35,
508,"2023-01-26 15:54:46.671749",,2000695,6000002,1000005,35,
509,"2023-01-26 15:55:11.383951",,2000695,6000002,1000021,35,
510,"2023-01-26 15:55:14.339420",,2000695,6000002,1000021,35,
511,"2023-01-26 15:56:06.193428",,2000165,6000002,1000021,35,
512,"2023-01-26 15:56:10.461506",,2000165,6000002,1000021,35,
513,"2023-01-26 15:56:18.711545",,2000165,6000002,1000021,35,
514,"2023-01-26 15:56:33.911534",,2000165,6000005,1000021,35,
515,"2023-01-26 15:58:37.035068",,2000075,6000048,1000021,35,
516,"2023-01-26 16:02:23.564203",,2000075,6000077,1000021,35,
517,"2023-01-26 16:02:42.532291",,2000255,6000077,1000021,35,
518,"2023-01-26 16:02:55.207794",,2000343,6000077,1000021,35,
519,"2023-01-26 16:03:49.604462",,2000008,6000008,1000006,29,
520,"2023-01-26 16:04:24.630685",,2000008,6000014,1000021,35,
521,"2023-01-26 16:05:25.393110",,2000695,6000031,1000008,7,
522,"2023-01-26 16:05:42.483546",,2000376,6000016,1000005,1,
523,"2023-01-26 16:06:49.101995",,2000397,6000070,1000021,35,
524,"2023-01-26 16:09:22.764652",,2000695,6000035,1000008,7,
525,"2023-01-26 16:09:52.331949",,2000190,6000004,1000021,35,
526,"2023-01-26 16:12:01.885924",,2000520,6000018,1000006,1,
527,"2023-01-26 16:13:30.789068",,2000165,6000027,1000008,1,
528,"2023-01-26 16:13:51.154390",,2000165,6000027,1000010,1,
529,"2023-01-26 16:14:34.548803",,2000165,6000027,1000007,1,
530,"2023-01-26 16:15:07.551109",,2000075,6000027,1000007,1,
531,"2023-01-26 16:37:27.267422",,2000695,6000035,1000008,7,
532,"2023-01-26 16:40:54.781046",,2000695,6000002,1000008,7,
533,"2023-01-26 16:41:24.156467",,2000695,6000002,1000007,7,
534,"2023-01-26 16:54:48.253253",,2000695,6000002,1000006,7,
535,"2023-01-26 16:54:58.115188",,2000695,6000002,1000020,7,
536,"2023-01-26 20:20:05.190206",,2000198,6000031,1000005,9,
537,"2023-01-26 20:24:57.420112",,2000198,6000031,1000005,9,
538,"2023-01-26 20:25:19.489001",,2000142,6000031,1000005,9,
539,"2023-01-26 20:27:49.166204",,2000008,6000031,1000005,9,
540,"2023-01-26 20:27:59.712439",,2000008,6000031,1000004,9,
541,"2023-01-26 20:28:44.162908",,2000008,6000031,1000007,9,
542,"2023-01-26 20:30:41.762859",,2000165,6000031,1000007,9,
543,"2023-01-26 20:32:28.985957",,2000165,6000031,1000006,9,
544,"2023-01-26 20:33:53.017694",,2000165,6000031,1000006,9,
545,"2023-01-26 20:34:08.184805",,2000165,6000031,1000006,9,
546,"2023-01-26 20:34:25.564433",,2000189,6000031,1000006,9,
547,"2023-01-26 20:35:09.169489",,2000189,6000031,1000017,9,
548,"2023-01-27 01:18:10.553365",,2000510,6000019,1000013,7,
549,"2023-01-27 01:18:58.973432",,2000510,6000011,1000013,7,
550,"2023-01-27 01:19:06.685266",,2000510,6000045,1000013,7,
551,"2023-01-27 01:19:13.354518",,2000510,6000051,1000013,7,
552,"2023-01-27 01:21:58.802691",,2000510,6000004,1000013,7,
553,"2023-01-27 01:22:01.341015",,2000510,6000004,1000013,7,
554,"2023-01-27 01:24:47.700851",,2000057,6000012,1000016,40,
555,"2023-01-27 01:24:52.108818",,2000057,6000012,1000016,40,
556,"2023-01-27 01:25:05.014661",,2000057,6000012,1000016,40,
557,"2023-01-27 01:27:49.018502",,2000175,6000006,1000007,7,
558,"2023-01-27 01:29:06.815712",,2000175,6000019,1000007,7,
559,"2023-01-27 01:32:58.231009",,2000175,6000004,1000007,7,
560,"2023-01-27 01:34:35.199944",,2000220,6000053,1000007,40,
561,"2023-01-27 01:37:04.183841",,2000053,6000012,1000020,40,
562,"2023-01-27 02:20:45.025466",,2000165,6000031,1000004,41,
563,"2023-01-27 02:22:19.261601",,2000165,6000031,1000002,41,
564,"2023-01-27 02:25:55.997047",,2000175,6000006,1000007,7,
565,"2023-01-27 02:25:57.090939",,2000175,6000006,1000007,7,
566,"2023-01-27 02:25:57.918859",,2000175,6000006,1000007,7,
567,"2023-01-27 02:25:58.902660",,2000175,6000006,1000007,7,
568,"2023-01-27 02:36:34.522339",,2000128,6000009,1000004,8,
569,"2023-01-27 03:28:25.925302",,2000008,6000002,1000001,1,NULL
570,"2023-01-27 03:29:12.282615",,2000128,6000006,1000007,1,NULL
571,"2023-01-27 03:29:35.512422",,2000193,6000009,1000007,1,NULL
572,"2023-01-27 03:30:10.781240",,2000128,6000006,1000010,1,NULL
573,"2023-01-27 03:30:43.480822",,2000193,6000008,1000007,1,NULL
575,"2023-01-27 03:34:42.142440",,2000128,6000011,1000007,1,NULL
580,"2023-01-27 03:52:05.431774",,2000193,6000018,1000005,1,"['a007689', 'a011615', 'a003346', 'a010677', 'a016677', 'a014060', 'a016762', 'a016011', 'a008979', 'a001434', 'a007810', 'a013455', 'a009345', 'a012611', 'a003688', 'a001370', 'a009930', 'a013634', 'a015325', 'a002099']"
581,"2023-01-27 03:54:22.556954",,2000017,6000027,1000008,8,"['a006796', 'a005853', 'a005427', 'a007428', 'a011134', 'a005853', 'a009361', 'a001950', 'a005427', 'a008183', 'a014325', 'a006440', 'a007795', 'a001371', 'a001370', 'a010418', 'a003512', 'a003960', 'a011665', 'a003583']"
582,"2023-01-27 03:54:23.665150",,2000017,6000027,1000008,8,"['a006796', 'a005853', 'a005427', 'a007428', 'a011134', 'a005853', 'a009361', 'a001950', 'a005427', 'a008183', 'a014325', 'a006440', 'a007795', 'a001371', 'a001370', 'a010418', 'a003512', 'a003960', 'a011665', 'a003583']"
583,"2023-01-27 03:55:31.884559",,2000017,6000015,1000008,8,"['a013872', 'a009361', 'a000241', 'a005853', 'a009361', 'a016331', 'a015234', 'a005853', 'a013872', 'a000241', 'a016450', 'a009738', 'a007795', 'a001371', 'a001370', 'a010418', 'a003512', 'a003960', 'a011665', 'a003583']"
584,"2023-01-27 03:58:23.495675",,2000499,6000031,1000011,1,"['a007724', 'a010137', 'a000598', 'a014709', 'a008817', 'a012779', 'a008816', 'a012778', 'a004368', 'a006157', 'a006156', 'a005564', 'a004376', 'a006675', 'a015016', 'a008284', 'a009930', 'a014173', 'a000711', 'a010167']"
585,"2023-01-27 04:23:23.474005",,2000165,6000031,1000002,42,"['a002605', 'a013858', 'a009686', 'a008188', 'a008188', 'a009686', 'a002605', 'a013858', 'a002080', 'a006684', 'a009581', 'a016187', 'a007795', 'a010418', 'a004356', 'a010427', 'a009686', 'a002973', 'a015734', 'a008521']"
586,"2023-01-27 04:30:46.875887",,2000165,6000031,1000002,48,"['a013858', 'a009686', 'a002605', 'a008188', 'a008188', 'a013858', 'a009686', 'a002605', 'a009581', 'a002080', 'a006684', 'a016187', 'a007795', 'a010418', 'a004356', 'a010427', 'a009686', 'a002973', 'a015734', 'a008521']"
587,"2023-01-27 04:33:09.371076",,2000325,6000031,1000005,50,"['a000281', 'a007589', 'a007458', 'a009128', 'a002768', 'a015918', 'a006928', 'a006929', 'a010200', 'a000569', 'a004462', 'a000281', 'a009345', 'a012611', 'a003688', 'a001370', 'a009930', 'a013634', 'a015325', 'a002099']"
588,"2023-01-27 04:33:22.006669",,2000008,6000031,1000005,50,"['a009235', 'a016703', 'a015399', 'a013501', 'a001973', 'a002905', 'a011973', 'a005169', 'a004462', 'a006157', 'a010200', 'a003729', 'a009345', 'a012611', 'a003688', 'a001370', 'a009930', 'a013634', 'a015325', 'a002099']"
589,"2023-01-27 04:45:43.020173",,2000008,6000031,1000005,50,"['a016703', 'a009235', 'a006683', 'a012258', 'a009235', 'a013501', 'a013225', 'a015498', 'a009368', 'a009583', 'a006683', 'a010200', 'a009345', 'a012611', 'a003688', 'a001370', 'a009930', 'a013634', 'a015325', 'a002099']"
590,"2023-01-27 04:47:24.284647",,2000008,6000031,1000005,50,"['a015399', 'a006684', 'a016703', 'a012258', 'a015399', 'a015498', 'a009746', 'a012266', 'a010200', 'a009368', 'a009367', 'a006683', 'a009345', 'a012611', 'a003688', 'a001370', 'a009930', 'a013634', 'a015325', 'a002099']"
591,"2023-01-27 04:47:32.617635",,2000008,6000031,1000005,50,"['a009235', 'a016703', 'a015399', 'a013501', 'a001973', 'a010547', 'a011973', 'a005169', 'a003729', 'a007458', 'a007589', 'a006157', 'a009345', 'a012611', 'a003688', 'a001370', 'a009930', 'a013634', 'a015325', 'a002099']"
592,"2023-01-27 05:02:46.434644",,2000043,6000002,1000001,61,"['a001171', 'a000325', 'a006183', 'a002202', 'a003715', 'a002447', 'a003717', 'a011579', 'a016541', 'a001171', 'a006183', 'a004355', 'a009534', 'a002799', 'a012612', 'a007793', 'a001378', 'a009534', 'a000609', 'a016241']"
593,"2023-01-27 05:06:14.629476",,2000165,6000031,1000002,62,"['a001617', 'a016187', 'a013858', 'a006684', 'a013858', 'a009685', 'a009684', 'a002606', 'a016187', 'a006684', 'a001284', 'a007589', 'a007795', 'a010418', 'a004356', 'a010427', 'a009686', 'a002973', 'a015734', 'a008521']"
594,"2023-01-27 05:11:09.561147",,2000574,6000062,1000001,63,"['a016389', 'a016390', 'a003443', 'a016539', 'a016389', 'a016390', 'a016392', 'a016388', 'a003442', 'a014964', 'a016537', 'a003443', 'a009534', 'a002799', 'a012612', 'a007793', 'a001378', 'a009534', 'a000609', 'a016241']"
595,"2023-01-27 06:06:54.309550",,2000128,6000031,1000014,64,"['a000701', 'a016756', 'a006156', 'a003990', 'a015301', 'a004373', 'a011946', 'a006151', 'a010200', 'a012203', 'a000280', 'a006381', 'a009346', 'a012651', 'a001368', 'a007535', 'a005847', 'a001377', 'a000610', 'a013996']"
596,"2023-01-27 06:07:48.662202",,2000128,6000031,1000014,64,"['a016756', 'a016757', 'a000702', 'a000701', 'a015513', 'a014754', 'a006986', 'a013512', 'a012203', 'a011500', 'a003067', 'a006381', 'a009346', 'a012651', 'a001368', 'a007535', 'a005847', 'a001377', 'a000610', 'a013996']"
597,"2023-01-27 06:10:05.083775",,2000128,6000031,1000014,64,"['a000701', 'a016756', 'a000702', 'a016757', 'a016756', 'a016757', 'a014754', 'a006151', 'a011500', 'a006156', 'a003067', 'a000280', 'a009346', 'a012651', 'a001368', 'a007535', 'a005847', 'a001377', 'a000610', 'a013996']"
598,"2023-01-27 06:10:06.856274",,2000128,6000031,1000014,64,"['a016757', 'a000701', 'a000702', 'a016756', 'a006986', 'a011946', 'a014754', 'a015513', 'a012203', 'a003067', 'a011500', 'a006156', 'a009346', 'a012651', 'a001368', 'a007535', 'a005847', 'a001377', 'a000610', 'a013996']"
599,"2023-01-27 06:10:21.972442",,2000128,6000031,1000007,64,"['a007009', 'a014039', 'a000699', 'a007420', 'a015514', 'a015561', 'a006924', 'a015510', 'a010199', 'a009366', 'a016186', 'a000279', 'a009533', 'a002802', 'a002801', 'a009344', 'a009929', 'a013634', 'a005493', 'a015324']"
600,"2023-01-27 06:19:18.532987",,2000057,6000031,1000004,65,"['a005085', 'a016270', 'a005564', 'a010902', 'a010203', 'a014017', 'a012329', 'a014020', 'a006380', 'a005564', 'a009583', 'a006379', 'a002800', 'a003688', 'a013697', 'a010416', 'a009928', 'a011822', 'a012259', 'a008523']"
601,"2023-01-27 06:20:39.293033",,2000057,6000031,1000008,65,"['a011280', 'a000285', 'a006684', 'a016187', 'a007535', 'a007536', 'a007534', 'a004045', 'a011280', 'a006684', 'a016187', 'a000283', 'a007795', 'a001371', 'a001370', 'a010418', 'a003512', 'a003960', 'a011665', 'a003583']"
602,"2023-01-27 06:20:40.494026",,2000057,6000031,1000008,65,"['a011280', 'a000285', 'a006684', 'a016187', 'a007535', 'a007536', 'a007534', 'a004045', 'a011280', 'a006684', 'a016187', 'a000283', 'a007795', 'a001371', 'a001370', 'a010418', 'a003512', 'a003960', 'a011665', 'a003583']"
603,"2023-01-27 06:21:00.125243",,2000230,6000031,1000008,65,"['a011280', 'a016187', 'a000283', 'a002080', 'a007590', 'a000978', 'a000952', 'a005213', 'a011280', 'a006684', 'a016187', 'a000283', 'a007795', 'a001371', 'a001370', 'a010418', 'a003512', 'a003960', 'a011665', 'a003583']"
604,"2023-01-27 06:21:01.290018",,2000230,6000031,1000008,65,"['a011280', 'a016187', 'a000283', 'a002080', 'a007590', 'a000978', 'a000952', 'a005213', 'a011280', 'a006684', 'a016187', 'a000283', 'a007795', 'a001371', 'a001370', 'a010418', 'a003512', 'a003960', 'a011665', 'a003583']"
605,"2023-01-27 06:22:01.953273",,2000128,6000031,1000007,64,"['a007009', 'a008896', 'a011490', 'a014039', 'a015510', 'a007576', 'a015561', 'a005622', 'a000279', 'a016187', 'a016186', 'a002080', 'a009533', 'a002802', 'a002801', 'a009344', 'a009929', 'a013634', 'a005493', 'a015324']"
606,"2023-01-27 06:22:02.884053",,2000128,6000031,1000007,64,"['a007009', 'a008896', 'a011490', 'a014039', 'a015510', 'a007576', 'a015561', 'a005622', 'a000279', 'a016187', 'a016186', 'a002080', 'a009533', 'a002802', 'a002801', 'a009344', 'a009929', 'a013634', 'a005493', 'a015324']"
607,"2023-01-27 06:22:03.072591",,2000128,6000031,1000007,64,"['a007009', 'a008896', 'a011490', 'a014039', 'a015510', 'a007576', 'a015561', 'a005622', 'a000279', 'a016187', 'a016186', 'a002080', 'a009533', 'a002802', 'a002801', 'a009344', 'a009929', 'a013634', 'a005493', 'a015324']"
608,"2023-01-27 06:22:03.345045",,2000128,6000031,1000007,64,"['a007009', 'a008896', 'a011490', 'a014039', 'a015510', 'a007576', 'a015561', 'a005622', 'a000279', 'a016187', 'a016186', 'a002080', 'a009533', 'a002802', 'a002801', 'a009344', 'a009929', 'a013634', 'a005493', 'a015324']"
609,"2023-01-27 06:22:03.544850",,2000128,6000031,1000007,64,"['a007009', 'a008896', 'a011490', 'a014039', 'a015510', 'a007576', 'a015561', 'a005622', 'a000279', 'a016187', 'a016186', 'a002080', 'a009533', 'a002802', 'a002801', 'a009344', 'a009929', 'a013634', 'a005493', 'a015324']"
610,"2023-01-27 06:22:03.742459",,2000128,6000031,1000007,64,"['a007009', 'a008896', 'a011490', 'a014039', 'a015510', 'a007576', 'a015561', 'a005622', 'a000279', 'a016187', 'a016186', 'a002080', 'a009533', 'a002802', 'a002801', 'a009344', 'a009929', 'a013634', 'a005493', 'a015324']"
611,"2023-01-27 06:22:03.948574",,2000128,6000031,1000007,64,"['a007009', 'a008896', 'a011490', 'a014039', 'a015510', 'a007576', 'a015561', 'a005622', 'a000279', 'a016187', 'a016186', 'a002080', 'a009533', 'a002802', 'a002801', 'a009344', 'a009929', 'a013634', 'a005493', 'a015324']"
612,"2023-01-27 06:22:04.226507",,2000128,6000031,1000007,64,"['a007009', 'a008896', 'a011490', 'a014039', 'a015510', 'a007576', 'a015561', 'a005622', 'a000279', 'a016187', 'a016186', 'a002080', 'a009533', 'a002802', 'a002801', 'a009344', 'a009929', 'a013634', 'a005493', 'a015324']"
613,"2023-01-27 06:22:04.330447",,2000128,6000031,1000007,64,"['a007009', 'a008896', 'a011490', 'a014039', 'a015510', 'a007576', 'a015561', 'a005622', 'a000279', 'a016187', 'a016186', 'a002080', 'a009533', 'a002802', 'a002801', 'a009344', 'a009929', 'a013634', 'a005493', 'a015324']"
614,"2023-01-27 06:22:05.985005",,2000128,6000031,1000007,64,"['a007009', 'a008896', 'a011490', 'a014039', 'a015510', 'a007576', 'a015561', 'a005622', 'a000279', 'a016187', 'a016186', 'a002080', 'a009533', 'a002802', 'a002801', 'a009344', 'a009929', 'a013634', 'a005493', 'a015324']"
615,"2023-01-27 06:22:06.092854",,2000128,6000031,1000007,64,"['a007009', 'a008896', 'a011490', 'a014039', 'a015510', 'a007576', 'a015561', 'a005622', 'a000279', 'a016187', 'a016186', 'a002080', 'a009533', 'a002802', 'a002801', 'a009344', 'a009929', 'a013634', 'a005493', 'a015324']"
616,"2023-01-27 06:26:38.586309",,2000582,6000027,1000005,66,"['a012245', 'a015189', 'a008472', 'a015462', 'a009241', 'a013634', 'a009240', 'a009239', 'a012628', 'a012245', 'a012244', 'a008989', 'a009345', 'a012611', 'a003688', 'a001370', 'a009930', 'a013634', 'a015325', 'a002099']"
617,"2023-01-27 06:26:42.829483",,2000582,6000027,1000005,66,"['a016755', 'a016757', 'a015462', 'a012245', 'a009241', 'a009240', 'a001892', 'a013634', 'a015462', 'a015189', 'a016755', 'a012628', 'a009345', 'a012611', 'a003688', 'a001370', 'a009930', 'a013634', 'a015325', 'a002099']"
618,"2023-01-27 06:26:44.411851",,2000582,6000027,1000005,66,"['a016474', 'a011442', 'a006796', 'a015379', 'a002977', 'a010888', 'a014373', 'a009239', 'a016474', 'a006796', 'a010474', 'a015641', 'a009345', 'a012611', 'a003688', 'a001370', 'a009930', 'a013634', 'a015325', 'a002099']"
619,"2023-01-27 06:26:48.307056",,2000582,6000027,1000005,66,"['a016474', 'a011442', 'a006796', 'a015379', 'a002977', 'a010888', 'a014373', 'a009239', 'a016474', 'a006796', 'a010474', 'a015641', 'a009345', 'a012611', 'a003688', 'a001370', 'a009930', 'a013634', 'a015325', 'a002099']"
620,"2023-01-27 06:26:49.359152",,2000582,6000027,1000005,66,"['a016474', 'a011442', 'a006796', 'a015379', 'a002977', 'a010888', 'a014373', 'a009239', 'a016474', 'a006796', 'a010474', 'a015641', 'a009345', 'a012611', 'a003688', 'a001370', 'a009930', 'a013634', 'a015325', 'a002099']"
621,"2023-01-27 06:26:50.260391",,2000582,6000027,1000005,66,"['a016474', 'a011442', 'a006796', 'a015379', 'a002977', 'a010888', 'a014373', 'a009239', 'a016474', 'a006796', 'a010474', 'a015641', 'a009345', 'a012611', 'a003688', 'a001370', 'a009930', 'a013634', 'a015325', 'a002099']"
622,"2023-01-27 06:26:50.850937",,2000582,6000027,1000005,66,"['a016474', 'a011442', 'a006796', 'a015379', 'a002977', 'a010888', 'a014373', 'a009239', 'a016474', 'a006796', 'a010474', 'a015641', 'a009345', 'a012611', 'a003688', 'a001370', 'a009930', 'a013634', 'a015325', 'a002099']"
623,"2023-01-27 06:26:51.370678",,2000582,6000027,1000005,66,"['a016474', 'a011442', 'a006796', 'a015379', 'a002977', 'a010888', 'a014373', 'a009239', 'a016474', 'a006796', 'a010474', 'a015641', 'a009345', 'a012611', 'a003688', 'a001370', 'a009930', 'a013634', 'a015325', 'a002099']"
624,"2023-01-27 06:26:51.933043",,2000582,6000027,1000005,66,"['a016474', 'a011442', 'a006796', 'a015379', 'a002977', 'a010888', 'a014373', 'a009239', 'a016474', 'a006796', 'a010474', 'a015641', 'a009345', 'a012611', 'a003688', 'a001370', 'a009930', 'a013634', 'a015325', 'a002099']"
625,"2023-01-27 06:26:52.357361",,2000582,6000027,1000005,66,"['a016474', 'a011442', 'a006796', 'a015379', 'a002977', 'a010888', 'a014373', 'a009239', 'a016474', 'a006796', 'a010474', 'a015641', 'a009345', 'a012611', 'a003688', 'a001370', 'a009930', 'a013634', 'a015325', 'a002099']"
626,"2023-01-27 06:26:52.641066",,2000582,6000027,1000005,66,"['a016474', 'a011442', 'a006796', 'a015379', 'a002977', 'a010888', 'a014373', 'a009239', 'a016474', 'a006796', 'a010474', 'a015641', 'a009345', 'a012611', 'a003688', 'a001370', 'a009930', 'a013634', 'a015325', 'a002099']"
627,"2023-01-27 06:26:53.227175",,2000582,6000027,1000005,66,"['a016474', 'a011442', 'a006796', 'a015379', 'a002977', 'a010888', 'a014373', 'a009239', 'a016474', 'a006796', 'a010474', 'a015641', 'a009345', 'a012611', 'a003688', 'a001370', 'a009930', 'a013634', 'a015325', 'a002099']"
628,"2023-01-27 06:26:53.513861",,2000582,6000027,1000005,66,"['a016474', 'a011442', 'a006796', 'a015379', 'a002977', 'a010888', 'a014373', 'a009239', 'a016474', 'a006796', 'a010474', 'a015641', 'a009345', 'a012611', 'a003688', 'a001370', 'a009930', 'a013634', 'a015325', 'a002099']"
629,"2023-01-27 06:26:53.644599",,2000582,6000027,1000005,66,"['a016474', 'a011442', 'a006796', 'a015379', 'a002977', 'a010888', 'a014373', 'a009239', 'a016474', 'a006796', 'a010474', 'a015641', 'a009345', 'a012611', 'a003688', 'a001370', 'a009930', 'a013634', 'a015325', 'a002099']"
630,"2023-01-27 06:27:39.387633",,2000142,6000002,1000006,22,"['a008036', 'a013217', 'a014951', 'a004368', 'a015797', 'a002357', 'a002358', 'a014500', 'a006501', 'a001543', 'a014418', 'a012702', 'a009533', 'a002798', 'a009344', 'a012650', 'a013633', 'a000857', 'a003509', 'a015324']"
631,"2023-01-27 06:27:54.937462",,2000142,6000002,1000006,22,"['a004368', 'a013217', 'a004316', 'a007398', 'a013217', 'a003307', 'a002357', 'a012512', 'a015047', 'a004357', 'a002199', 'a004316', 'a009533', 'a002798', 'a009344', 'a012650', 'a013633', 'a000857', 'a003509', 'a015324']"
632,"2023-01-27 06:30:10.793547",,2000142,6000002,1000006,22,"['a008036', 'a004344', 'a013217', 'a004368', 'a015797', 'a014500', 'a012513', 'a002357', 'a014418', 'a006501', 'a001543', 'a012703', 'a009533', 'a002798', 'a009344', 'a012650', 'a013633', 'a000857', 'a003509', 'a015324']"
633,"2023-01-27 06:30:12.377818",,2000142,6000002,1000006,22,"['a008036', 'a004344', 'a013217', 'a004368', 'a015797', 'a014500', 'a012513', 'a002357', 'a014418', 'a006501', 'a001543', 'a012703', 'a009533', 'a002798', 'a009344', 'a012650', 'a013633', 'a000857', 'a003509', 'a015324']"
634,"2023-01-27 06:30:16.730929",,2000142,6000002,1000006,22,"['a004368', 'a013217', 'a007398', 'a015047', 'a012512', 'a015797', 'a014500', 'a002357', 'a015053', 'a016543', 'a015047', 'a002199', 'a009533', 'a002798', 'a009344', 'a012650', 'a013633', 'a000857', 'a003509', 'a015324']"
635,"2023-01-27 06:30:18.561245",,2000142,6000002,1000006,22,"['a013217', 'a014951', 'a008036', 'a004357', 'a002357', 'a014500', 'a015797', 'a013217', 'a006501', 'a012702', 'a001543', 'a015679', 'a009533', 'a002798', 'a009344', 'a012650', 'a013633', 'a000857', 'a003509', 'a015324']"
636,"2023-01-27 06:30:19.623805",,2000142,6000002,1000006,22,"['a013217', 'a014951', 'a008036', 'a004357', 'a002357', 'a014500', 'a015797', 'a013217', 'a006501', 'a012702', 'a001543', 'a015679', 'a009533', 'a002798', 'a009344', 'a012650', 'a013633', 'a000857', 'a003509', 'a015324']"
637,"2023-01-27 06:30:19.784168",,2000142,6000002,1000006,22,"['a013217', 'a014951', 'a008036', 'a004357', 'a002357', 'a014500', 'a015797', 'a013217', 'a006501', 'a012702', 'a001543', 'a015679', 'a009533', 'a002798', 'a009344', 'a012650', 'a013633', 'a000857', 'a003509', 'a015324']"
638,"2023-01-27 06:30:22.033368",,2000142,6000002,1000006,22,"['a004368', 'a013217', 'a002199', 'a007398', 'a003769', 'a012512', 'a002357', 'a013217', 'a002199', 'a004357', 'a002781', 'a001613', 'a009533', 'a002798', 'a009344', 'a012650', 'a013633', 'a000857', 'a003509', 'a015324']"
639,"2023-01-27 06:30:24.496099",,2000142,6000002,1000006,22,"['a013217', 'a014951', 'a008036', 'a004357', 'a014500', 'a013217', 'a002357', 'a015797', 'a006501', 'a012702', 'a015760', 'a015679', 'a009533', 'a002798', 'a009344', 'a012650', 'a013633', 'a000857', 'a003509', 'a015324']"
640,"2023-01-27 06:30:28.225511",,2000142,6000002,1000006,22,"['a004368', 'a013217', 'a007398', 'a002781', 'a002357', 'a015797', 'a003307', 'a004368', 'a002199', 'a006850', 'a001613', 'a004357', 'a009533', 'a002798', 'a009344', 'a012650', 'a013633', 'a000857', 'a003509', 'a015324']"
641,"2023-01-27 06:31:30.999585",,2000054,6000002,1000006,22,"['a011010', 'a004574', 'a010400', 'a005628', 'a005628', 'a016248', 'a012713', 'a001168', 'a006850', 'a004357', 'a002781', 'a002199', 'a009533', 'a002798', 'a009344', 'a012650', 'a013633', 'a000857', 'a003509', 'a015324']"
642,"2023-01-27 06:31:33.755233",,2000054,6000002,1000006,22,"['a005628', 'a013934', 'a000228', 'a011010', 'a010896', 'a000508', 'a007418', 'a003478', 'a004357', 'a015047', 'a007398', 'a004316', 'a009533', 'a002798', 'a009344', 'a012650', 'a013633', 'a000857', 'a003509', 'a015324']"
643,"2023-01-27 06:31:35.425341",,2000054,6000002,1000006,22,"['a011010', 'a002919', 'a005628', 'a013934', 'a003478', 'a000508', 'a010896', 'a014651', 'a001613', 'a007398', 'a002781', 'a002199', 'a009533', 'a002798', 'a009344', 'a012650', 'a013633', 'a000857', 'a003509', 'a015324']"
644,"2023-01-27 06:31:37.947348",,2000054,6000002,1000006,22,"['a011010', 'a005628', 'a000228', 'a013934', 'a012713', 'a011010', 'a003478', 'a000508', 'a015053', 'a004316', 'a006850', 'a015047', 'a009533', 'a002798', 'a009344', 'a012650', 'a013633', 'a000857', 'a003509', 'a015324']"
645,"2023-01-27 06:31:39.479598",,2000054,6000002,1000006,22,"['a013934', 'a005628', 'a011010', 'a004574', 'a007418', 'a011010', 'a003478', 'a012713', 'a015047', 'a004357', 'a001613', 'a016543', 'a009533', 'a002798', 'a009344', 'a012650', 'a013633', 'a000857', 'a003509', 'a015324']"
646,"2023-01-27 06:31:42.564160",,2000054,6000002,1000006,22,"['a004574', 'a005628', 'a000228', 'a002919', 'a014651', 'a010896', 'a001168', 'a011010', 'a004316', 'a016543', 'a001613', 'a015053', 'a009533', 'a002798', 'a009344', 'a012650', 'a013633', 'a000857', 'a003509', 'a015324']"
647,"2023-01-27 06:31:44.157488",,2000054,6000002,1000006,22,"['a000228', 'a010400', 'a013934', 'a004574', 'a003478', 'a000508', 'a010896', 'a016248', 'a015053', 'a015047', 'a016543', 'a007398', 'a009533', 'a002798', 'a009344', 'a012650', 'a013633', 'a000857', 'a003509', 'a015324']"
648,"2023-01-27 06:31:46.191226",,2000054,6000002,1000006,22,"['a004574', 'a002919', 'a013934', 'a005628', 'a000508', 'a005628', 'a014651', 'a001168', 'a015053', 'a002199', 'a004316', 'a006850', 'a009533', 'a002798', 'a009344', 'a012650', 'a013633', 'a000857', 'a003509', 'a015324']"
649,"2023-01-27 06:31:47.313643",,2000054,6000002,1000006,22,"['a011010', 'a013934', 'a010400', 'a002919', 'a001168', 'a014651', 'a012713', 'a003478', 'a004357', 'a016543', 'a015047', 'a002781', 'a009533', 'a002798', 'a009344', 'a012650', 'a013633', 'a000857', 'a003509', 'a015324']"
650,"2023-01-27 06:31:49.368872",,2000054,6000002,1000006,22,"['a004574', 'a010400', 'a005628', 'a000228', 'a005628', 'a014651', 'a011010', 'a007418', 'a016543', 'a002781', 'a015047', 'a004316', 'a009533', 'a002798', 'a009344', 'a012650', 'a013633', 'a000857', 'a003509', 'a015324']"
651,"2023-01-27 06:31:53.554401",,2000054,6000002,1000006,22,"['a010400', 'a011010', 'a004574', 'a005628', 'a003478', 'a014651', 'a005628', 'a012713', 'a007398', 'a002199', 'a015047', 'a015053', 'a009533', 'a002798', 'a009344', 'a012650', 'a013633', 'a000857', 'a003509', 'a015324']"
652,"2023-01-27 06:34:51.914732",,2000054,6000002,1000006,22,"['a004574', 'a013934', 'a005628', 'a012713', 'a013934', 'a005632', 'a005628', 'a016248', 'a014418', 'a012703', 'a006536', 'a001543', 'a009533', 'a002798', 'a009344', 'a012650', 'a013633', 'a000857', 'a003509', 'a015324']"
653,"2023-01-27 06:34:53.365771",,2000054,6000002,1000006,22,"['a004574', 'a013934', 'a005628', 'a012713', 'a013934', 'a005632', 'a005628', 'a016248', 'a014418', 'a012703', 'a006536', 'a001543', 'a009533', 'a002798', 'a009344', 'a012650', 'a013633', 'a000857', 'a003509', 'a015324']"
654,"2023-01-27 06:35:24.574135",,2000054,6000002,1000006,22,"['a011010', 'a010400', 'a005628', 'a002919', 'a012713', 'a011010', 'a014651', 'a000508', 'a015053', 'a016543', 'a015047', 'a004316', 'a009533', 'a002798', 'a009344', 'a012650', 'a013633', 'a000857', 'a003509', 'a015324']"
655,"2023-01-27 06:37:18.298479",,2000054,6000005,1000018,22,"['a015917', 'a000462', 'a007285', 'a007361', 'a001170', 'a014651', 'a001169', 'a010898', 'a015917', 'a007283', 'a000462', 'a000463', 'a009347', 'a012610', 'a012614', 'a013700', 'a007923', 'a015750', 'a015326', 'a000609']"
656,"2023-01-27 06:37:23.933247",,2000054,6000005,1000012,22,"['a000347', 'a003829', 'a013936', 'a016250', 'a003480', 'a007420', 'a000347', 'a010897', 'a009716', 'a015916', 'a005940', 'a007841', 'a012611', 'a001369', 'a007537', 'a010420', 'a009931', 'a001892', 'a015325', 'a000612']"
657,"2023-01-27 06:37:33.603312",,2000054,6000005,1000012,22,"['a000347', 'a003829', 'a012715', 'a005634', 'a000347', 'a003480', 'a012715', 'a000510', 'a009716', 'a007840', 'a002684', 'a012424', 'a012611', 'a001369', 'a007537', 'a010420', 'a009931', 'a001892', 'a015325', 'a000612']"
658,"2023-01-27 06:37:36.461641",,2000054,6000005,1000012,22,"['a000347', 'a003829', 'a000510', 'a007420', 'a000510', 'a016250', 'a005630', 'a013936', 'a015916', 'a002684', 'a012424', 'a007840', 'a012611', 'a001369', 'a007537', 'a010420', 'a009931', 'a001892', 'a015325', 'a000612']"
659,"2023-01-27 06:37:43.681053",,2000054,6000005,1000013,22,"['a010389', 'a005110', 'a009383', 'a015916', 'a001168', 'a001170', 'a010896', 'a000508', 'a010389', 'a005110', 'a008608', 'a000462', 'a009345', 'a001369', 'a007537', 'a014753', 'a009930', 'a009931', 'a000612', 'a010228']"
660,"2023-01-27 06:37:51.386959",,2000054,6000005,1000012,22,"['a000347', 'a003829', 'a005630', 'a016250', 'a005630', 'a016250', 'a010897', 'a007420', 'a015916', 'a005940', 'a000463', 'a002684', 'a012611', 'a001369', 'a007537', 'a010420', 'a009931', 'a001892', 'a015325', 'a000612']"
661,"2023-01-27 06:38:27.339092",,2000054,6000005,1000012,22,"['a000347', 'a003829', 'a012715', 'a016250', 'a010897', 'a012715', 'a003480', 'a016250', 'a009716', 'a002684', 'a007841', 'a012425', 'a012611', 'a001369', 'a007537', 'a010420', 'a009931', 'a001892', 'a015325', 'a000612']"
662,"2023-01-27 06:40:36.383005",,2000165,6000045,1000017,67,"['a013794', 'a014501', 'a011213', 'a001735', 'a000977', 'a002608', 'a000978', 'a007428', 'a003256', 'a013794', 'a014501', 'a003255', 'a002798', 'a002801', 'a007534', 'a000086', 'a000858', 'a002798', 'a003509', 'a005493']"
663,"2023-01-27 06:40:53.266377",,2000165,6000031,1000017,67,"['a003813', 'a001774', 'a007459', 'a010200', 'a000977', 'a002608', 'a000978', 'a007428', 'a007459', 'a004462', 'a006166', 'a010200', 'a002798', 'a002801', 'a007534', 'a000086', 'a000858', 'a002798', 'a003509', 'a005493']"
664,"2023-01-27 06:41:38.926671",,2000054,6000002,1000016,22,"['a000229', 'a002920', 'a013935', 'a005629', 'a013935', 'a000509', 'a005629', 'a002920', 'a002037', 'a004590', 'a014136', 'a004545', 'a012651', 'a012614', 'a013698', 'a010856', 'a014174', 'a002977', 'a015325', 'a000609']"
665,"2023-01-27 06:59:47.418982",,2000142,6000002,1000016,22,"['a005629', 'a003599', 'a006503', 'a004441', 'a015798', 'a012512', 'a004369', 'a000831', 'a005629', 'a002037', 'a004545', 'a013118', 'a012651', 'a012614', 'a013698', 'a010856', 'a014174', 'a002977', 'a015325', 'a000609']"
666,"2023-01-27 06:59:48.320212",,2000142,6000002,1000016,22,"['a005629', 'a006503', 'a003599', 'a004441', 'a004370', 'a012513', 'a012512', 'a013217', 'a003241', 'a004590', 'a006503', 'a014136', 'a012651', 'a012614', 'a013698', 'a010856', 'a014174', 'a002977', 'a015325', 'a000609']"
667,"2023-01-27 07:03:11.700012",,2000043,6000031,1000006,68,"['a007993', 'a009366', 'a016186', 'a006167', 'a014383', 'a007993', 'a003719', 'a005284', 'a016186', 'a006167', 'a007418', 'a004368', 'a009533', 'a002798', 'a009344', 'a012650', 'a013633', 'a000857', 'a003509', 'a015324']"
668,"2023-01-27 07:11:06.180293",,2000290,6000063,1000006,70,"['a002270', 'a012817', 'a014419', 'a004882', 'a007521', 'a002270', 'a007530', 'a007533', 'a012817', 'a012816', 'a003665', 'a003666', 'a009533', 'a002798', 'a009344', 'a012650', 'a013633', 'a000857', 'a003509', 'a015324']"
669,"2023-01-27 07:11:49.341369",,2000062,6000031,1000002,69,"['a016187', 'a001617', 'a006684', 'a006246', 'a006246', 'a012365', 'a000271', 'a009592', 'a016187', 'a007589', 'a001284', 'a001285', 'a007795', 'a010418', 'a004356', 'a010427', 'a009686', 'a002973', 'a015734', 'a008521']"
670,"2023-01-27 07:14:28.210902",,2000165,6000031,1000005,71,"['a006379', 'a000281', 'a010200', 'a006157', 'a012869', 'a012598', 'a009685', 'a012599', 'a004462', 'a006157', 'a007589', 'a003729', 'a009345', 'a012611', 'a003688', 'a001370', 'a009930', 'a013634', 'a015325', 'a002099']"
671,"2023-01-27 07:15:36.313889",,2000165,6000031,1000017,71,"['a003066', 'a004369', 'a000279', 'a000569', 'a012597', 'a009686', 'a012868', 'a012598', 'a003066', 'a007459', 'a010200', 'a000569', 'a002798', 'a002801', 'a007534', 'a000086', 'a000858', 'a002798', 'a003509', 'a005493']"
672,"2023-01-27 07:15:41.565321",,2000165,6000084,1000017,71,"['a001060', 'a001188', 'a007731', 'a002401', 'a002604', 'a009685', 'a012597', 'a012599', 'a015119', 'a015120', 'a002798', 'a001188', 'a002798', 'a002801', 'a007534', 'a000086', 'a000858', 'a002798', 'a003509', 'a005493']"
673,"2023-01-27 07:15:59.286548",,2000165,6000061,1000017,71,"['a003224', 'a006159', 'a002801', 'a000858', 'a009684', 'a009686', 'a012868', 'a012870', 'a003224', 'a006746', 'a006745', 'a000550', 'a002798', 'a002801', 'a007534', 'a000086', 'a000858', 'a002798', 'a003509', 'a005493']"
674,"2023-01-27 07:16:48.466834",,2000442,6000061,1000017,71,"['a003224', 'a005210', 'a005213', 'a002798', 'a005210', 'a005213', 'a010148', 'a010149', 'a003224', 'a006746', 'a000551', 'a009054', 'a002798', 'a002801', 'a007534', 'a000086', 'a000858', 'a002798', 'a003509', 'a005493']"
675,"2023-01-27 07:16:49.343385",,2000442,6000061,1000017,71,"['a003224', 'a005210', 'a005213', 'a009054', 'a005210', 'a005213', 'a010149', 'a010145', 'a003224', 'a000550', 'a003223', 'a003225', 'a002798', 'a002801', 'a007534', 'a000086', 'a000858', 'a002798', 'a003509', 'a005493']"
676,"2023-01-27 07:16:49.881127",,2000442,6000061,1000017,71,"['a003224', 'a005210', 'a005213', 'a002801', 'a005210', 'a005213', 'a010147', 'a010650', 'a003224', 'a006745', 'a006746', 'a000551', 'a002798', 'a002801', 'a007534', 'a000086', 'a000858', 'a002798', 'a003509', 'a005493']"
677,"2023-01-27 07:16:55.264445",,2000442,6000046,1000017,71,"['a008842', 'a014517', 'a005210', 'a005213', 'a005210', 'a005213', 'a010149', 'a010650', 'a008842', 'a014517', 'a008844', 'a002796', 'a002798', 'a002801', 'a007534', 'a000086', 'a000858', 'a002798', 'a003509', 'a005493']"
678,"2023-01-27 07:16:59.736004",,2000442,6000037,1000017,71,"['a003326', 'a011044', 'a004675', 'a005213', 'a005210', 'a005213', 'a010145', 'a010648', 'a003326', 'a004675', 'a004674', 'a011726', 'a002798', 'a002801', 'a007534', 'a000086', 'a000858', 'a002798', 'a003509', 'a005493']"
679,"2023-01-27 07:17:00.106139",,2000442,6000037,1000017,71,"['a011726', 'a005210', 'a003326', 'a004675', 'a005210', 'a005213', 'a010148', 'a010149', 'a011726', 'a004675', 'a004674', 'a003326', 'a002798', 'a002801', 'a007534', 'a000086', 'a000858', 'a002798', 'a003509', 'a005493']"
680,"2023-01-27 07:17:01.999477",,2000442,6000037,1000017,71,"['a011044', 'a005213', 'a004674', 'a003326', 'a005210', 'a005213', 'a010145', 'a010148', 'a004674', 'a011044', 'a003326', 'a011726', 'a002798', 'a002801', 'a007534', 'a000086', 'a000858', 'a002798', 'a003509', 'a005493']"
681,"2023-01-27 07:17:02.159750",,2000442,6000037,1000017,71,"['a005213', 'a003326', 'a011726', 'a004674', 'a005210', 'a005213', 'a010146', 'a010649', 'a004675', 'a003326', 'a011726', 'a004674', 'a002798', 'a002801', 'a007534', 'a000086', 'a000858', 'a002798', 'a003509', 'a005493']"
682,"2023-01-27 07:17:02.378973",,2000442,6000037,1000017,71,"['a011044', 'a003326', 'a005213', 'a005210', 'a005210', 'a005213', 'a010148', 'a010650', 'a011726', 'a003326', 'a004675', 'a011044', 'a002798', 'a002801', 'a007534', 'a000086', 'a000858', 'a002798', 'a003509', 'a005493']"
683,"2023-01-27 07:17:02.662769",,2000442,6000037,1000017,71,"['a004675', 'a003326', 'a004674', 'a005210', 'a005210', 'a005213', 'a010146', 'a010650', 'a003326', 'a004674', 'a011726', 'a011044', 'a002798', 'a002801', 'a007534', 'a000086', 'a000858', 'a002798', 'a003509', 'a005493']"
684,"2023-01-27 07:17:02.793643",,2000442,6000037,1000017,71,"['a004675', 'a003326', 'a011726', 'a004674', 'a005210', 'a005213', 'a010147', 'a010149', 'a004675', 'a011726', 'a003326', 'a011044', 'a002798', 'a002801', 'a007534', 'a000086', 'a000858', 'a002798', 'a003509', 'a005493']"
685,"2023-01-27 07:17:02.970023",,2000442,6000037,1000017,71,"['a011726', 'a004675', 'a005210', 'a004674', 'a005210', 'a005213', 'a010145', 'a010147', 'a011726', 'a004675', 'a011044', 'a004674', 'a002798', 'a002801', 'a007534', 'a000086', 'a000858', 'a002798', 'a003509', 'a005493']"
686,"2023-01-27 07:17:03.222354",,2000442,6000037,1000017,71,"['a005213', 'a004675', 'a005210', 'a011726', 'a005210', 'a005213', 'a010648', 'a010148', 'a003326', 'a011726', 'a004675', 'a011044', 'a002798', 'a002801', 'a007534', 'a000086', 'a000858', 'a002798', 'a003509', 'a005493']"
687,"2023-01-27 07:17:03.308365",,2000442,6000037,1000017,71,"['a004674', 'a003326', 'a011044', 'a011726', 'a005210', 'a005213', 'a010146', 'a010148', 'a004675', 'a003326', 'a011726', 'a011044', 'a002798', 'a002801', 'a007534', 'a000086', 'a000858', 'a002798', 'a003509', 'a005493']"
688,"2023-01-27 07:17:03.503516",,2000442,6000037,1000017,71,"['a003326', 'a004675', 'a011044', 'a004674', 'a005210', 'a005213', 'a010648', 'a010650', 'a011044', 'a011726', 'a003326', 'a004674', 'a002798', 'a002801', 'a007534', 'a000086', 'a000858', 'a002798', 'a003509', 'a005493']"
689,"2023-01-27 07:17:03.673278",,2000442,6000037,1000017,71,"['a003326', 'a005210', 'a004674', 'a005213', 'a005210', 'a005213', 'a010649', 'a010146', 'a003326', 'a004675', 'a004674', 'a011726', 'a002798', 'a002801', 'a007534', 'a000086', 'a000858', 'a002798', 'a003509', 'a005493']"
690,"2023-01-27 07:17:03.833654",,2000442,6000037,1000017,71,"['a005213', 'a005210', 'a004674', 'a011726', 'a005210', 'a005213', 'a010147', 'a010648', 'a003326', 'a011726', 'a004674', 'a011044', 'a002798', 'a002801', 'a007534', 'a000086', 'a000858', 'a002798', 'a003509', 'a005493']"
691,"2023-01-27 07:17:04.038211",,2000442,6000037,1000017,71,"['a004674', 'a003326', 'a011726', 'a005213', 'a005210', 'a005213', 'a010147', 'a010648', 'a004674', 'a011726', 'a004675', 'a011044', 'a002798', 'a002801', 'a007534', 'a000086', 'a000858', 'a002798', 'a003509', 'a005493']"
692,"2023-01-27 07:17:04.247599",,2000442,6000037,1000017,71,"['a011044', 'a005213', 'a003326', 'a004675', 'a005210', 'a005213', 'a010650', 'a010649', 'a004674', 'a003326', 'a011726', 'a004675', 'a002798', 'a002801', 'a007534', 'a000086', 'a000858', 'a002798', 'a003509', 'a005493']"
693,"2023-01-27 07:17:04.430543",,2000442,6000037,1000017,71,"['a011044', 'a004675', 'a005213', 'a004674', 'a005210', 'a005213', 'a010147', 'a010145', 'a011726', 'a003326', 'a011044', 'a004674', 'a002798', 'a002801', 'a007534', 'a000086', 'a000858', 'a002798', 'a003509', 'a005493']"
694,"2023-01-27 07:17:04.620422",,2000442,6000037,1000017,71,"['a005210', 'a004674', 'a005213', 'a003326', 'a005210', 'a005213', 'a010648', 'a010149', 'a004675', 'a004674', 'a011726', 'a011044', 'a002798', 'a002801', 'a007534', 'a000086', 'a000858', 'a002798', 'a003509', 'a005493']"
695,"2023-01-27 07:17:04.781909",,2000442,6000037,1000017,71,"['a005210', 'a004675', 'a005213', 'a003326', 'a005210', 'a005213', 'a010148', 'a010650', 'a003326', 'a011044', 'a004675', 'a011726', 'a002798', 'a002801', 'a007534', 'a000086', 'a000858', 'a002798', 'a003509', 'a005493']"
696,"2023-01-27 07:17:04.967629",,2000442,6000037,1000017,71,"['a005210', 'a011044', 'a003326', 'a004674', 'a005210', 'a005213', 'a010650', 'a010148', 'a004674', 'a011726', 'a004675', 'a011044', 'a002798', 'a002801', 'a007534', 'a000086', 'a000858', 'a002798', 'a003509', 'a005493']"
697,"2023-01-27 07:17:05.154878",,2000442,6000037,1000017,71,"['a003326', 'a011726', 'a004674', 'a004675', 'a005210', 'a005213', 'a010145', 'a010148', 'a003326', 'a004674', 'a011044', 'a004675', 'a002798', 'a002801', 'a007534', 'a000086', 'a000858', 'a002798', 'a003509', 'a005493']"
698,"2023-01-27 07:19:31.761944",,2000171,6000023,1000012,71,"['a013298', 'a002725', 'a005254', 'a005255', 'a006541', 'a006887', 'a001012', 'a006544', 'a000712', 'a005255', 'a016283', 'a004633', 'a012611', 'a001369', 'a007537', 'a010420', 'a009931', 'a001892', 'a015325', 'a000612']"
699,"2023-01-27 07:20:38.861985",whwhwow,2000128,6000053,1000023,71,NULL
700,"2023-01-27 07:56:05.645711",,2000008,6000001,1000002,73,"['a009911', 'a009007', 'a013501', 'a009014', 'a006951', 'a014914', 'a005442', 'a009014', 'a010427', 'a002220', 'a010418', 'a000635', 'a007795', 'a010418', 'a004356', 'a010427', 'a009686', 'a002973', 'a015734', 'a008521']"
701,"2023-01-27 07:56:16.597519",,2000189,6000002,1000002,74,"['a003403', 'a013858', 'a008188', 'a011011', 'a001172', 'a001171', 'a002401', 'a002402', 'a014475', 'a006456', 'a003403', 'a002413', 'a007795', 'a010418', 'a004356', 'a010427', 'a009686', 'a002973', 'a015734', 'a008521']"
702,"2023-01-27 07:57:52.688131",,2000189,6000002,1000002,74,"['a004356', 'a006155', 'a012030', 'a000576', 'a005478', 'a005477', 'a001171', 'a011967', 'a006456', 'a002413', 'a013858', 'a016112', 'a007795', 'a010418', 'a004356', 'a010427', 'a009686', 'a002973', 'a015734', 'a008521']"
703,"2023-01-27 07:59:09.722219",,2000189,6000027,1000005,74,"['a003548', 'a008472', 'a011845', 'a011223', 'a006838', 'a006840', 'a005477', 'a006839', 'a006796', 'a009793', 'a016474', 'a014686', 'a009345', 'a012611', 'a003688', 'a001370', 'a009930', 'a013634', 'a015325', 'a002099']"
704,"2023-01-27 08:19:29.415560",,2000062,6000031,1000006,69,"['a003688', 'a004442', 'a002391', 'a011469', 'a002663', 'a012315', 'a009626', 'a012365', 'a016186', 'a004368', 'a007418', 'a006167', 'a009533', 'a002798', 'a009344', 'a012650', 'a013633', 'a000857', 'a003509', 'a015324']"
705,"2023-01-27 08:19:32.915592",,2000062,6000031,1000006,69,"['a003688', 'a004442', 'a002391', 'a011469', 'a002663', 'a012315', 'a009626', 'a012365', 'a016186', 'a004368', 'a007418', 'a006167', 'a009533', 'a002798', 'a009344', 'a012650', 'a013633', 'a000857', 'a003509', 'a015324']"
706,"2023-01-27 08:19:33.490473",,2000062,6000031,1000006,69,"['a003688', 'a004442', 'a002391', 'a011469', 'a002663', 'a012315', 'a009626', 'a012365', 'a016186', 'a004368', 'a007418', 'a006167', 'a009533', 'a002798', 'a009344', 'a012650', 'a013633', 'a000857', 'a003509', 'a015324']"
707,"2023-01-27 08:43:07.949864",,2000175,6000012,1000010,12,"['a014558', 'a016218', 'a014592', 'a014576', 'a013777', 'a004556', 'a013776', 'a005021', 'a008143', 'a009121', 'a011600', 'a005288', 'a009347', 'a009345', 'a012611', 'a001369', 'a009929', 'a001892', 'a000609', 'a000612']"
708,"2023-01-27 08:44:24.995049",,2000175,6000004,1000010,12,"['a007601', 'a016037', 'a016329', 'a004321', 'a013776', 'a004556', 'a013777', 'a013778', 'a010751', 'a001654', 'a011902', 'a011900', 'a009347', 'a009345', 'a012611', 'a001369', 'a009929', 'a001892', 'a000609', 'a000612']"
709,"2023-01-27 08:45:33.792386",,2000140,6000002,1000007,75,"['a009220', 'a010961', 'a006937', 'a015049', 'a011990', 'a001863', 'a008082', 'a009863', 'a002781', 'a002432', 'a002782', 'a002433', 'a009533', 'a002802', 'a002801', 'a009344', 'a009929', 'a013634', 'a005493', 'a015324']"
710,"2023-01-27 08:54:32.315005",,2000248,6000077,1000020,76,"['a013533', 'a001789', 'a006815', 'a001982', 'a003281', 'a011613', 'a009884', 'a003280', 'a013533', 'a006815', 'a008900', 'a008903', 'a012614', 'a012610', 'a006675', 'a006671', 'a000859', 'a001379', 'a015326', 'a008523']"
711,"2023-01-27 09:05:21.548500",,2000165,6000027,1000001,77,"['a004157', 'a012204', 'a011149', 'a010762', 'a012868', 'a012870', 'a012598', 'a012869', 'a006361', 'a008989', 'a010762', 'a012204', 'a009534', 'a002799', 'a012612', 'a007793', 'a001378', 'a009534', 'a000609', 'a016241']"
712,"2023-01-27 09:07:21.401472",,2000193,6000002,1000020,77,"['a007227', 'a005264', 'a004495', 'a007186', 'a014880', 'a016011', 'a014060', 'a002693', 'a003877', 'a005264', 'a005314', 'a006458', 'a012614', 'a012610', 'a006675', 'a006671', 'a000859', 'a001379', 'a015326', 'a008523']"
713,"2023-01-27 09:07:48.900127",,2000165,6000080,1000003,78,"['a005793', 'a005294', 'a003872', 'a012869', 'a008879', 'a000977', 'a000978', 'a009684', 'a012629', 'a010336', 'a010458', 'a003296', 'a003296', 'a001471', 'a000588', 'a012869', 'a009928', 'a007636', 'a015326', 'a012259']"
714,"2023-01-27 09:10:37.614277",,2000193,6000002,1000020,77,"['a007186', 'a007227', 'a014880', 'a004495', 'a014880', 'a014061', 'a016012', 'a002693', 'a005314', 'a007186', 'a004495', 'a005264', 'a012614', 'a012610', 'a006675', 'a006671', 'a000859', 'a001379', 'a015326', 'a008523']"
715,"2023-01-27 09:10:50.766038",,2000193,6000015,1000020,77,"['a014880', 'a006270', 'a013218', 'a001908', 'a014880', 'a014060', 'a016013', 'a009766', 'a010777', 'a011122', 'a000599', 'a000596', 'a012614', 'a012610', 'a006675', 'a006671', 'a000859', 'a001379', 'a015326', 'a008523']"
716,"2023-01-27 09:10:58.422132",,2000193,6000015,1000020,77,"['a011128', 'a014880', 'a006270', 'a013979', 'a014880', 'a002693', 'a002692', 'a014061', 'a000599', 'a006270', 'a009113', 'a013979', 'a012614', 'a012610', 'a006675', 'a006671', 'a000859', 'a001379', 'a015326', 'a008523']"
717,"2023-01-27 09:11:05.745485",,2000193,6000015,1000020,77,"['a010777', 'a000599', 'a000596', 'a013218', 'a014880', 'a009766', 'a002693', 'a016013', 'a011128', 'a013218', 'a000596', 'a000599', 'a012614', 'a012610', 'a006675', 'a006671', 'a000859', 'a001379', 'a015326', 'a008523']"
718,"2023-01-27 09:12:00.028419",,2000193,6000015,1000020,77,"['a013979', 'a006270', 'a011128', 'a013218', 'a014880', 'a016011', 'a002692', 'a002693', 'a006270', 'a000599', 'a000596', 'a001908', 'a012614', 'a012610', 'a006675', 'a006671', 'a000859', 'a001379', 'a015326', 'a008523']"
719,"2023-01-27 09:12:04.122192",,2000193,6000015,1000020,77,"['a011122', 'a006974', 'a013979', 'a000596', 'a009766', 'a009765', 'a002732', 'a014880', 'a011122', 'a011128', 'a000596', 'a000599', 'a012614', 'a012610', 'a006675', 'a006671', 'a000859', 'a001379', 'a015326', 'a008523']"
720,"2023-01-27 09:12:10.798852",,2000193,6000053,1000020,77,"['a013712', 'a011416', 'a016649', 'a005690', 'a009766', 'a009765', 'a002732', 'a014880', 'a007943', 'a007940', 'a007942', 'a001444', 'a012614', 'a012610', 'a006675', 'a006671', 'a000859', 'a001379', 'a015326', 'a008523']"
721,"2023-01-27 09:12:39.367760",,2000290,6000064,1000020,77,"['a007844', 'a011203', 'a013198', 'a013214', 'a002274', 'a002270', 'a011203', 'a002272', 'a011809', 'a006982', 'a011890', 'a004964', 'a012614', 'a012610', 'a006675', 'a006671', 'a000859', 'a001379', 'a015326', 'a008523']"
722,"2023-01-27 09:40:54.587966",,2000128,6000002,1000003,81,"['a016272', 'a004024', 'a001102', 'a004907', 'a012038', 'a000701', 'a010207', 'a014633', 'a016272', 'a003872', 'a004024', 'a001102', 'a003296', 'a001471', 'a000588', 'a012869', 'a009928', 'a007636', 'a015326', 'a012259']"
723,"2023-01-27 09:41:43.993955",,2000397,6000011,1000021,80,"['a008208', 'a011156', 'a009912', 'a003937', 'a003937', 'a014965', 'a008208', 'a014966', 'a015331', 'a009912', 'a011156', 'a005222', 'a002801', 'a004377', 'a006672', 'a011967', 'a001378', 'a002801', 'a002726', 'a003324']"
724,"2023-01-27 09:41:44.582090",,2000397,6000011,1000021,80,"['a014965', 'a009912', 'a011156', 'a015331', 'a003937', 'a014965', 'a008208', 'a014967', 'a011156', 'a005222', 'a009912', 'a015331', 'a002801', 'a004377', 'a006672', 'a011967', 'a001378', 'a002801', 'a002726', 'a003324']"
725,"2023-01-27 09:41:46.294951",,2000397,6000011,1000021,80,"['a009912', 'a003937', 'a014965', 'a005222', 'a003937', 'a014965', 'a008208', 'a014964', 'a011156', 'a015331', 'a005222', 'a009912', 'a002801', 'a004377', 'a006672', 'a011967', 'a001378', 'a002801', 'a002726', 'a003324']"
726,"2023-01-27 09:41:46.882762",,2000397,6000011,1000021,80,"['a003937', 'a014965', 'a015331', 'a008208', 'a003937', 'a014965', 'a008208', 'a008207', 'a015331', 'a009912', 'a011156', 'a005222', 'a002801', 'a004377', 'a006672', 'a011967', 'a001378', 'a002801', 'a002726', 'a003324']"
727,"2023-01-27 09:43:01.114527",,2000397,6000062,1000001,63,"['a014964', 'a008207', 'a007043', 'a010697', 'a014964', 'a008207', 'a003937', 'a008208', 'a003442', 'a008207', 'a007047', 'a014964', 'a009534', 'a002799', 'a012612', 'a007793', 'a001378', 'a009534', 'a000609', 'a016241']"
728,"2023-01-27 09:43:55.266555",,2000397,6000062,1000012,63,"['a016535', 'a002978', 'a013422', 'a001892', 'a003939', 'a014966', 'a003938', 'a008207', 'a016535', 'a003938', 'a007047', 'a007044', 'a012611', 'a001369', 'a007537', 'a010420', 'a009931', 'a001892', 'a015325', 'a000612']"
729,"2023-01-27 09:43:56.722930",,2000397,6000062,1000012,63,"['a016535', 'a001892', 'a009931', 'a005849', 'a014966', 'a008208', 'a014967', 'a003937', 'a016535', 'a003939', 'a007045', 'a003937', 'a012611', 'a001369', 'a007537', 'a010420', 'a009931', 'a001892', 'a015325', 'a000612']"
730,"2023-01-27 09:51:31.508988",,2000290,6000056,1000002,82,"['a015893', 'a015129', 'a006246', 'a006817', 'a005058', 'a002271', 'a002270', 'a002273', 'a008993', 'a008992', 'a005338', 'a009865', 'a007795', 'a010418', 'a004356', 'a010427', 'a009686', 'a002973', 'a015734', 'a008521']"
731,"2023-01-27 09:54:14.488915",,2000165,6000004,1000006,10,"['a007292', 'a002977', 'a011113', 'a000857', 'a013571', 'a012597', 'a012868', 'a012870', 'a015036', 'a013386', 'a009739', 'a016287', 'a009533', 'a002798', 'a009344', 'a012650', 'a013633', 'a000857', 'a003509', 'a015324']"
732,"2023-01-27 10:11:34.440287",,2000189,6000027,1000017,83,"['a001172', 'a005477', 'a011842', 'a006134', 'a001172', 'a001171', 'a005478', 'a011967', 'a002234', 'a011842', 'a013756', 'a006134', 'a002798', 'a002801', 'a007534', 'a000086', 'a000858', 'a002798', 'a003509', 'a005493']"
733,"2023-01-27 10:13:33.923473",,2000724,6000063,1000005,84,"['a016803', 'a012815', 'a004356', 'a004357', 'a016803', 'a016804', 'a016802', 'a005848', 'a012815', 'a003665', 'a003666', 'a003668', 'a009345', 'a012611', 'a003688', 'a001370', 'a009930', 'a013634', 'a015325', 'a002099']"
734,"2023-01-27 10:13:46.366925",,2000057,6000031,1000015,85,"['a009717', 'a005642', 'a002775', 'a000599', 'a002751', 'a002754', 'a002752', 'a010202', 'a003299', 'a007590', 'a012201', 'a007421', 'a005180', 'a009373', 'a013251', 'a010007', 'a005180', 'a000656', 'a002702', 'a005005']"
735,"2023-01-27 10:14:35.268255",,2000351,6000063,1000005,84,"['a004863', 'a004357', 'a004356', 'a001371', 'a004863', 'a007274', 'a006394', 'a007272', 'a012815', 'a003666', 'a012817', 'a003664', 'a009345', 'a012611', 'a003688', 'a001370', 'a009930', 'a013634', 'a015325', 'a002099']"
736,"2023-01-27 10:16:57.631084",,2000165,6000031,1000015,85,"['a008880', 'a005642', 'a009717', 'a006440', 'a008880', 'a013571', 'a007198', 'a012597', 'a003299', 'a007589', 'a007590', 'a012201', 'a005180', 'a009373', 'a013251', 'a010007', 'a005180', 'a000656', 'a002702', 'a005005']"
737,"2023-01-27 10:17:00.121900",,2000165,6000031,1000015,85,"['a008880', 'a005642', 'a009717', 'a006440', 'a008880', 'a013571', 'a007198', 'a012597', 'a003299', 'a007589', 'a007590', 'a012201', 'a005180', 'a009373', 'a013251', 'a010007', 'a005180', 'a000656', 'a002702', 'a005005']"
738,"2023-01-27 10:17:01.033169",,2000165,6000031,1000015,85,"['a008880', 'a005642', 'a009717', 'a006440', 'a008880', 'a013571', 'a007198', 'a012597', 'a003299', 'a007589', 'a007590', 'a012201', 'a005180', 'a009373', 'a013251', 'a010007', 'a005180', 'a000656', 'a002702', 'a005005']"
739,"2023-01-27 10:17:01.552515",,2000165,6000031,1000015,85,"['a008880', 'a005642', 'a009717', 'a006440', 'a008880', 'a013571', 'a007198', 'a012597', 'a003299', 'a007589', 'a007590', 'a012201', 'a005180', 'a009373', 'a013251', 'a010007', 'a005180', 'a000656', 'a002702', 'a005005']"
740,"2023-01-27 10:17:02.021314",,2000165,6000031,1000015,85,"['a008880', 'a005642', 'a009717', 'a006440', 'a008880', 'a013571', 'a007198', 'a012597', 'a003299', 'a007589', 'a007590', 'a012201', 'a005180', 'a009373', 'a013251', 'a010007', 'a005180', 'a000656', 'a002702', 'a005005']"
741,"2023-01-27 10:17:02.404947",,2000165,6000031,1000015,85,"['a008880', 'a005642', 'a009717', 'a006440', 'a008880', 'a013571', 'a007198', 'a012597', 'a003299', 'a007589', 'a007590', 'a012201', 'a005180', 'a009373', 'a013251', 'a010007', 'a005180', 'a000656', 'a002702', 'a005005']"
742,"2023-01-27 10:17:02.538847",,2000165,6000031,1000015,85,"['a008880', 'a005642', 'a009717', 'a006440', 'a008880', 'a013571', 'a007198', 'a012597', 'a003299', 'a007589', 'a007590', 'a012201', 'a005180', 'a009373', 'a013251', 'a010007', 'a005180', 'a000656', 'a002702', 'a005005']"
743,"2023-01-27 10:17:07.216474",,2000165,6000057,1000015,85,"['a008880', 'a005642', 'a002775', 'a009717', 'a008880', 'a013571', 'a007198', 'a012597', 'a006394', 'a007995', 'a006393', 'a007993', 'a005180', 'a009373', 'a013251', 'a010007', 'a005180', 'a000656', 'a002702', 'a005005']"
744,"2023-01-27 10:17:07.878226",,2000165,6000057,1000015,85,"['a008880', 'a005642', 'a002775', 'a009717', 'a008880', 'a013571', 'a007198', 'a012597', 'a006394', 'a007995', 'a006393', 'a007993', 'a005180', 'a009373', 'a013251', 'a010007', 'a005180', 'a000656', 'a002702', 'a005005']"
745,"2023-01-27 10:17:08.035038",,2000165,6000057,1000015,85,"['a008880', 'a005642', 'a002775', 'a009717', 'a008880', 'a013571', 'a007198', 'a012597', 'a006394', 'a007995', 'a006393', 'a007993', 'a005180', 'a009373', 'a013251', 'a010007', 'a005180', 'a000656', 'a002702', 'a005005']"
746,"2023-01-27 10:17:11.863938",,2000165,6000057,1000015,85,"['a009717', 'a002775', 'a008880', 'a010389', 'a008880', 'a012597', 'a007428', 'a013573', 'a006394', 'a007995', 'a011908', 'a006395', 'a005180', 'a009373', 'a013251', 'a010007', 'a005180', 'a000656', 'a002702', 'a005005']"
747,"2023-01-27 10:17:17.903278",,2000165,6000057,1000011,85,"['a016375', 'a013976', 'a009401', 'a001777', 'a012869', 'a013571', 'a002722', 'a013573', 'a009548', 'a010514', 'a003731', 'a010513', 'a004376', 'a006675', 'a015016', 'a008284', 'a009930', 'a014173', 'a000711', 'a010167']"
748,"2023-01-27 10:18:47.622726",,2000695,6000027,1000002,86,"['a013580', 'a013895', 'a008088', 'a004945', 'a016342', 'a016287', 'a008118', 'a016288', 'a013895', 'a004945', 'a004294', 'a014684', 'a007795', 'a010418', 'a004356', 'a010427', 'a009686', 'a002973', 'a015734', 'a008521']"
749,"2023-01-27 10:20:29.042680",,2000198,6000031,1000005,84,"['a010200', 'a007589', 'a007458', 'a009128', 'a015459', 'a010077', 'a015047', 'a015053', 'a003729', 'a006379', 'a010200', 'a007458', 'a009345', 'a012611', 'a003688', 'a001370', 'a009930', 'a013634', 'a015325', 'a002099']"
750,"2023-01-27 10:21:05.299848","자신의 성장과정 및 개인 특성, 장점을 중심으로 기술하여 주시기 바랍니다.",2000520,6000032,1000023,87,"['a011206', 'a007646', 'a005475', 'a004166', 'a007646', 'a007308', 'a007307', 'a007647', 'a011206', 'a007646', 'a013428', 'a014712', 'a002798', 'a002801', 'a007534', 'a000086', 'a000858', 'a002798', 'a003509', 'a005493']"
751,"2023-01-27 10:23:12.658368",,2000198,6000031,1000017,84,"['a004369', 'a010003', 'a008430', 'a000569', 'a001284', 'a015957', 'a004496', 'a014341', 'a009583', 'a003728', 'a004462', 'a004369', 'a002798', 'a002801', 'a007534', 'a000086', 'a000858', 'a002798', 'a003509', 'a005493']"
752,"2023-01-27 10:24:53.698590",,2000198,6000031,1000005,84,"['a009583', 'a007589', 'a003729', 'a007458', 'a004496', 'a011283', 'a014341', 'a004494', 'a009583', 'a006380', 'a009368', 'a004462', 'a009345', 'a012611', 'a003688', 'a001370', 'a009930', 'a013634', 'a015325', 'a002099']"
753,"2023-01-27 10:28:07.870683",,2000140,6000027,1000004,88,"['a000180', 'a016693', 'a001843', 'a011843', 'a016721', 'a001904', 'a008255', 'a001905', 'a010763', 'a016693', 'a002233', 'a012207', 'a002800', 'a003688', 'a013697', 'a010416', 'a009928', 'a011822', 'a012259', 'a008523']"
754,"2023-01-27 11:18:01.269183",,2000165,6000031,1000016,50,"['a001775', 'a007419', 'a015520', 'a013979', 'a012869', 'a012868', 'a013858', 'a012618', 'a007419', 'a007420', 'a009582', 'a002079', 'a012651', 'a012614', 'a013698', 'a010856', 'a014174', 'a002977', 'a015325', 'a000609']"
755,"2023-01-27 11:19:15.790923",,2000165,6000031,1000005,50,"['a006157', 'a009368', 'a006684', 'a010200', 'a009684', 'a002606', 'a009685', 'a009686', 'a007458', 'a009368', 'a010200', 'a009583', 'a009345', 'a012611', 'a003688', 'a001370', 'a009930', 'a013634', 'a015325', 'a002099']"
756,"2023-01-27 11:42:29.836726",,2000290,6000022,1000012,89,"['a007494', 'a008601', 'a004676', 'a012541', 'a004243', 'a002272', 'a013140', 'a013132', 'a010654', 'a012541', 'a005494', 'a003059', 'a012611', 'a001369', 'a007537', 'a010420', 'a009931', 'a001892', 'a015325', 'a000612']"
757,"2023-01-27 12:13:10.295167",,2000453,6000012,1000002,90,"['a006113', 'a002569', 'a002570', 'a008169', 'a004895', 'a004896', 'a004897', 'a010365', 'a002569', 'a000076', 'a008169', 'a006113', 'a007795', 'a010418', 'a004356', 'a010427', 'a009686', 'a002973', 'a015734', 'a008521']"
758,"2023-01-27 12:38:40.543294",,2000128,6000012,1000009,40,"['a006035', 'a014593', 'a012293', 'a004458', 'a006035', 'a015564', 'a006152', 'a001374', 'a016304', 'a005506', 'a009146', 'a005751', 'a002801', 'a001371', 'a001370', 'a007537', 'a009931', 'a013424', 'a015325', 'a015326']"
759,"2023-01-27 12:40:21.826736",,2000390,6000060,1000011,40,"['a014464', 'a009373', 'a007635', 'a004321', 'a014464', 'a014461', 'a008012', 'a014463', 'a002956', 'a002953', 'a002955', 'a002954', 'a004376', 'a006675', 'a015016', 'a008284', 'a009930', 'a014173', 'a000711', 'a010167']"
760,"2023-01-27 12:40:23.115249",,2000390,6000060,1000011,40,"['a014464', 'a007635', 'a009930', 'a015420', 'a014464', 'a012384', 'a012383', 'a014462', 'a002956', 'a002954', 'a002955', 'a002953', 'a004376', 'a006675', 'a015016', 'a008284', 'a009930', 'a014173', 'a000711', 'a010167']"
761,"2023-01-27 12:45:10.759549",,2000189,6000027,1000004,91,"['a007272', 'a009793', 'a005291', 'a010763', 'a002402', 'a001172', 'a001171', 'a005477', 'a007272', 'a016693', 'a009793', 'a010763', 'a002800', 'a003688', 'a013697', 'a010416', 'a009928', 'a011822', 'a012259', 'a008523']"
762,"2023-01-27 12:59:06.356594",,2000198,6000031,1000017,84,"['a004369', 'a010003', 'a003911', 'a000569', 'a015957', 'a015956', 'a004496', 'a015458', 'a004369', 'a009583', 'a000569', 'a003728', 'a002798', 'a002801', 'a007534', 'a000086', 'a000858', 'a002798', 'a003509', 'a005493']"
763,"2023-01-27 13:00:40.100602",,2000140,6000031,1000001,92,"['a003299', 'a005564', 'a009126', 'a004369', 'a000811', 'a010961', 'a010974', 'a016721', 'a003299', 'a005564', 'a009126', 'a004369', 'a009534', 'a002799', 'a012612', 'a007793', 'a001378', 'a009534', 'a000609', 'a016241']"
764,"2023-01-27 13:02:33.454779",,2000193,6000031,1000008,92,"['a016187', 'a000283', 'a000285', 'a000281', 'a009766', 'a014879', 'a009765', 'a014880', 'a006684', 'a016187', 'a000283', 'a000281', 'a007795', 'a001371', 'a001370', 'a010418', 'a003512', 'a003960', 'a011665', 'a003583']"
765,"2023-01-27 14:31:41.023340",,2000709,6000002,1000016,93,"['a005629', 'a006503', 'a004590', 'a003599', 'a011964', 'a009309', 'a001820', 'a006918', 'a007054', 'a014499', 'a005629', 'a016432', 'a012651', 'a012614', 'a013698', 'a010856', 'a014174', 'a002977', 'a015325', 'a000609']"
766,"2023-01-27 14:47:32.008404",,2000017,6000031,1000017,84,"['a006102', 'a006103', 'a003066', 'a004369', 'a004628', 'a006102', 'a006103', 'a009061', 'a010200', 'a000569', 'a000279', 'a004369', 'a002798', 'a002801', 'a007534', 'a000086', 'a000858', 'a002798', 'a003509', 'a005493']"
767,"2023-01-27 15:00:46.991577",,2000017,6000031,1000005,84,"['a012890', 'a003845', 'a011198', 'a008139', 'a001400', 'a001434', 'a001399', 'a016513', 'a000569', 'a009583', 'a006380', 'a009128', 'a009345', 'a012611', 'a003688', 'a001370', 'a009930', 'a013634', 'a015325', 'a002099']"
768,"2023-01-27 15:00:53.680724",,2000017,6000031,1000005,84,"['a012890', 'a003845', 'a011198', 'a008139', 'a001400', 'a001434', 'a001399', 'a016513', 'a000569', 'a009583', 'a006380', 'a009128', 'a009345', 'a012611', 'a003688', 'a001370', 'a009930', 'a013634', 'a015325', 'a002099']"
769,"2023-01-27 15:00:55.460971",,2000017,6000031,1000005,84,"['a012890', 'a003845', 'a011198', 'a008139', 'a001400', 'a001434', 'a001399', 'a016513', 'a000569', 'a009583', 'a006380', 'a009128', 'a009345', 'a012611', 'a003688', 'a001370', 'a009930', 'a013634', 'a015325', 'a002099']"
770,"2023-01-27 15:00:55.825733",,2000017,6000031,1000005,84,"['a012890', 'a003845', 'a011198', 'a008139', 'a001400', 'a001434', 'a001399', 'a016513', 'a000569', 'a009583', 'a006380', 'a009128', 'a009345', 'a012611', 'a003688', 'a001370', 'a009930', 'a013634', 'a015325', 'a002099']"
771,"2023-01-27 15:00:55.994017",,2000017,6000031,1000005,84,"['a012890', 'a003845', 'a011198', 'a008139', 'a001400', 'a001434', 'a001399', 'a016513', 'a000569', 'a009583', 'a006380', 'a009128', 'a009345', 'a012611', 'a003688', 'a001370', 'a009930', 'a013634', 'a015325', 'a002099']"
772,"2023-01-27 15:00:56.141372",,2000017,6000031,1000005,84,"['a012890', 'a003845', 'a011198', 'a008139', 'a001400', 'a001434', 'a001399', 'a016513', 'a000569', 'a009583', 'a006380', 'a009128', 'a009345', 'a012611', 'a003688', 'a001370', 'a009930', 'a013634', 'a015325', 'a002099']"
773,"2023-01-27 17:24:12.110019",,2000608,6000027,1000010,94,"['a001459', 'a012626', 'a006358', 'a010476', 'a013044', 'a004435', 'a013065', 'a013057', 'a002608', 'a003640', 'a014359', 'a015640', 'a009347', 'a009345', 'a012611', 'a001369', 'a009929', 'a001892', 'a000609', 'a000612']"
774,"2023-01-28 04:34:47.193781",,2000193,6000011,1000001,95,"['a016013', 'a015333', 'a001001', 'a001344', 'a016013', 'a002692', 'a002693', 'a009765', 'a015333', 'a001001', 'a011217', 'a015334', 'a009534', 'a002799', 'a012612', 'a007793', 'a001378', 'a009534', 'a000609', 'a016241']"
775,"2023-01-28 06:18:16.608932",,2000614,6000027,1000008,96,"['a002711', 'a002719', 'a014160', 'a002606', 'a010507', 'a010429', 'a010431', 'a010510', 'a002711', 'a011665', 'a002719', 'a013573', 'a007795', 'a001371', 'a001370', 'a010418', 'a003512', 'a003960', 'a011665', 'a003583']"
776,"2023-01-28 11:06:30.668915",,2000043,6000004,1000005,97,"['a000991', 'a002977', 'a015360', 'a003719', 'a003577', 'a014384', 'a014383', 'a005284', 'a015036', 'a016288', 'a000991', 'a002977', 'a009345', 'a012611', 'a003688', 'a001370', 'a009930', 'a013634', 'a015325', 'a002099']"
777,"2023-01-28 11:06:35.274938",,2000043,6000004,1000005,97,"['a012882', 'a011111', 'a015036', 'a000991', 'a014383', 'a005284', 'a007683', 'a003719', 'a002977', 'a015360', 'a011111', 'a015036', 'a009345', 'a012611', 'a003688', 'a001370', 'a009930', 'a013634', 'a015325', 'a002099']"
778,"2023-01-28 11:22:31.030889",,2000075,6000002,1000002,98,"['a008188', 'a003403', 'a007393', 'a011011', 'a001273', 'a016339', 'a013315', 'a001272', 'a004356', 'a002413', 'a003403', 'a006456', 'a007795', 'a010418', 'a004356', 'a010427', 'a009686', 'a002973', 'a015734', 'a008521']"
779,"2023-01-28 14:06:31.758172",,2000142,6000027,1000001,100,"['a004369', 'a013218', 'a008989', 'a012204', 'a000831', 'a003308', 'a012513', 'a013218', 'a006361', 'a008470', 'a012204', 'a008989', 'a009534', 'a002799', 'a012612', 'a007793', 'a001378', 'a009534', 'a000609', 'a016241']"
780,"2023-01-28 14:08:03.395150",,2000014,6000002,1000012,99,"['a006856', 'a010133', 'a006852', 'a004318', 'a014558', 'a012290', 'a002092', 'a000513', 'a011147', 'a005743', 'a006852', 'a015521', 'a012611', 'a001369', 'a007537', 'a010420', 'a009931', 'a001892', 'a015325', 'a000612']"
781,"2023-01-28 14:11:56.828303",,2000008,6000005,1000019,99,"['a003303', 'a011871', 'a011051', 'a012090', 'a003303', 'a000708', 'a002412', 'a011051', 'a011871', 'a014380', 'a002747', 'a006232', 'a009535', 'a007794', 'a001659', 'a010426', 'a007744', 'a009535', 'a016245', 'a013617']"
782,"2023-01-28 14:52:33.136969",,2000008,6000033,1000017,101,"['a011307', 'a015635', 'a009561', 'a008501', 'a016192', 'a016062', 'a008842', 'a006420', 'a003145', 'a006751', 'a011633', 'a011307', 'a002798', 'a002801', 'a007534', 'a000086', 'a000858', 'a002798', 'a003509', 'a005493']"
783,"2023-01-28 17:35:21.504078",,2000165,6000031,1000006,7,"['a009580', 'a003726', 'a013571', 'a016186', 'a007425', 'a013571', 'a012597', 'a009685', 'a006378', 'a009580', 'a009125', 'a003298', 'a009533', 'a002798', 'a009344', 'a012650', 'a013633', 'a000857', 'a003509', 'a015324']"
784,"2023-01-28 17:36:06.246434",,2000165,6000031,1000006,7,"['a004368', 'a006167', 'a003726', 'a009580', 'a007425', 'a012597', 'a013571', 'a002605', 'a009125', 'a004368', 'a003298', 'a006167', 'a009533', 'a002798', 'a009344', 'a012650', 'a013633', 'a000857', 'a003509', 'a015324']"
785,"2023-01-29 01:17:22.365664",,2000053,6000004,1000017,40,"['a014121', 'a014968', 'a013158', 'a016287', 'a002738', 'a000222', 'a014099', 'a001982', 'a005443', 'a002533', 'a000425', 'a000858', 'a002798', 'a002801', 'a007534', 'a000086', 'a000858', 'a002798', 'a003509', 'a005493']"
786,"2023-01-29 01:19:31.518723",,2000087,6000012,1000007,40,"['a004970', 'a013552', 'a004971', 'a009711', 'a004591', 'a004119', 'a013552', 'a007617', 'a011944', 'a014752', 'a011694', 'a012772', 'a009533', 'a002802', 'a002801', 'a009344', 'a009929', 'a013634', 'a005493', 'a015324']"
787,"2023-01-29 01:19:33.187650",,2000087,6000012,1000007,40,"['a013552', 'a004970', 'a015491', 'a004971', 'a004120', 'a012052', 'a004589', 'a013552', 'a003513', 'a011695', 'a011694', 'a012772', 'a009533', 'a002802', 'a002801', 'a009344', 'a009929', 'a013634', 'a005493', 'a015324']"
788,"2023-01-29 03:48:45.318878",,2000189,6000031,1000006,17,"['a009366', 'a006840', 'a009580', 'a016186', 'a005477', 'a002401', 'a006840', 'a002402', 'a004461', 'a009580', 'a016186', 'a006167', 'a009533', 'a002798', 'a009344', 'a012650', 'a013633', 'a000857', 'a003509', 'a015324']"
789,"2023-01-29 03:49:16.945784",,2000189,6000031,1000007,17,"['a003730', 'a009366', 'a007418', 'a003729', 'a006840', 'a006838', 'a001172', 'a005477', 'a016186', 'a009366', 'a016187', 'a010199', 'a009533', 'a002802', 'a002801', 'a009344', 'a009929', 'a013634', 'a005493', 'a015324']"
790,"2023-01-29 03:49:17.619766",,2000189,6000031,1000007,17,"['a003730', 'a009366', 'a007418', 'a003729', 'a006840', 'a006838', 'a001172', 'a005477', 'a016186', 'a009366', 'a016187', 'a010199', 'a009533', 'a002802', 'a002801', 'a009344', 'a009929', 'a013634', 'a005493', 'a015324']"
